meterid,rate
010002,$4.25/hr
010020,$3.13/hr
010040,$3.88/hr
010114,$2.03/hr
010123,$2.5/hr
010132,$4.42/hr
010323,$3.61/hr
010339,$2.8/hr
010341,$4.16/hr
010399,$4.38/hr
010505,$4.42/hr
010531,$3.96/hr
020928,$4.54/hr
021042,$2.84/hr
021096,$4.56/hr
030005,$3.28/hr
030009,$3.73/hr
030020,$3.82/hr
030109,$2.9/hr
030112,$4.05/hr
030123,$3.56/hr
030130,$3.64/hr
030137,$2.51/hr
030212,$2.62/hr
030215,$3.59/hr
030312,$2.09/hr
030313,$3.68/hr
030331,$4.13/hr
030332,$4.59/hr
030411,$2.56/hr
030416,$3.05/hr
030605,$2.58/hr
030621,$4.73/hr
040011,$4.94/hr
040028,$2.47/hr
040030,$4.56/hr
040031,$4.37/hr
040032,$3.16/hr
040096,$3.72/hr
040106,$4.1/hr
040113,$4.33/hr
040128,$4.37/hr
040134,$3.86/hr
040302,$4.17/hr
040304,$4.27/hr
040305,$3.85/hr
040306,$4.42/hr
040403,$2.58/hr
040405,$3.61/hr
040407,$2.31/hr
040409,$4.74/hr
040410,$2.76/hr
040497,$3.59/hr
040706,$4.66/hr
040708,$4.52/hr
040710,$3.65/hr
040712,$2.66/hr
040718,$3.38/hr
040720,$3.9/hr
040811,$4.36/hr
040812,$2.12/hr
040913,$4.5/hr
040916,$2.13/hr
040997,$4.16/hr
040998,$3.42/hr
041019,$2.6/hr
041022,$3.77/hr
041044,$3.02/hr
041051,$4.79/hr
041099,$3.91/hr
041107,$3.16/hr
041126,$2.06/hr
041133,$4.84/hr
041142,$4.02/hr
041204,$3.56/hr
050008,$3.76/hr
050012,$3.13/hr
050014,$2.35/hr
050017,$3.38/hr
050026,$4.84/hr
050027,$3.07/hr
050098,$4.84/hr
050110,$3.98/hr
050119,$3.38/hr
050122,$2.96/hr
050137,$2.65/hr
050201,$2.37/hr
050203,$4.9/hr
050226,$3.41/hr
050309,$3.34/hr
050316,$4.47/hr
050327,$4.34/hr
050420,$3.29/hr
060024,$4.41/hr
060102,$4.17/hr
060104,$2.64/hr
060106,$4.67/hr
060108,$4.42/hr
060110,$3.1/hr
060112,$3.26/hr
060114,$2/hr
060116,$4.23/hr
060118,$4.12/hr
060120,$2.93/hr
060122,$3.3/hr
060124,$2.72/hr
060306,$4.67/hr
060406,$4.2/hr
060408,$5/hr
060608,$4.39/hr
060612,$4.96/hr
060614,$3.63/hr
060696,$4.26/hr
060711,$2.43/hr
060721,$3.35/hr
060804,$4.48/hr
060806,$4.32/hr
060808,$3.18/hr
060810,$3.94/hr
060812,$2.15/hr
060813,$2.94/hr
060814,$3.25/hr
061008,$2.42/hr
061011,$3.36/hr
061029,$4.52/hr
061030,$4.52/hr
061036,$4.03/hr
061037,$4.59/hr
061038,$2.89/hr
061039,$4.66/hr
061041,$3.65/hr
061043,$2.27/hr
061045,$4.4/hr
061047,$4.17/hr
061105,$2.67/hr
061107,$4.82/hr
061109,$2.09/hr
061111,$3.01/hr
061114,$3.78/hr
061117,$4.86/hr
061119,$4.96/hr
061137,$2.22/hr
061146,$3.22/hr
061151,$4.43/hr
061153,$4.5/hr
061196,$4.21/hr
061198,$2.55/hr
061207,$4.13/hr
061214,$4.98/hr
061233,$4.52/hr
061234,$2.65/hr
061302,$3.71/hr
061304,$2.59/hr
061305,$2.82/hr
061306,$4.33/hr
061307,$2.18/hr
061308,$4.9/hr
061309,$3.98/hr
061310,$3.18/hr
061311,$4.98/hr
061312,$4.35/hr
061313,$4.79/hr
061314,$2.93/hr
061315,$4.28/hr
061316,$4.61/hr
061317,$2.21/hr
061318,$4.23/hr
061319,$3.49/hr
061320,$2.77/hr
061321,$4.39/hr
061322,$2.62/hr
061323,$3.96/hr
061324,$3.93/hr
061325,$2.76/hr
061326,$3.01/hr
061327,$4.79/hr
061328,$3.92/hr
061329,$3.22/hr
061330,$2.32/hr
061331,$2.97/hr
061332,$2.88/hr
061333,$3.49/hr
061334,$3.81/hr
061335,$3.59/hr
061409,$4.5/hr
061426,$3.73/hr
061429,$3.16/hr
070102,$2.62/hr
070809,$4.63/hr
070811,$4.29/hr
070813,$2.53/hr
070815,$3.8/hr
070817,$3.41/hr
070819,$3.66/hr
070905,$3.04/hr
072115,$2.24/hr
072124,$3.08/hr
072131,$3.69/hr
072142,$4.21/hr
072215,$4.96/hr
072224,$4.17/hr
072231,$3.96/hr
072240,$2.3/hr
072305,$3.62/hr
072316,$3.2/hr
072413,$3.13/hr
072435,$4.04/hr
072436,$2.82/hr
080002,$2.96/hr
080004,$4.36/hr
080006,$4.92/hr
080017,$3.53/hr
080025,$3.88/hr
080027,$3.8/hr
080029,$2.38/hr
080031,$4.5/hr
080035,$4.34/hr
080036,$3.22/hr
081015,$4.05/hr
081029,$2.62/hr
081031,$4.92/hr
081034,$2.76/hr
081118,$3.05/hr
081125,$4.95/hr
081144,$4.61/hr
081155,$3.22/hr
081157,$3.24/hr
081159,$4.53/hr
081212,$4.96/hr
081219,$3.19/hr
081230,$2.07/hr
081233,$4.8/hr
081320,$3.78/hr
081321,$2.49/hr
081417,$2.13/hr
090011,$4.18/hr
090026,$3.52/hr
090027,$3.04/hr
090034,$2.63/hr
090036,$2.03/hr
090104,$3.27/hr
090109,$2.26/hr
090112,$2.48/hr
090128,$3.64/hr
090202,$2.76/hr
090207,$3.87/hr
090220,$3.07/hr
090223,$4.74/hr
090238,$3.48/hr
090301,$4.18/hr
090303,$2.48/hr
090305,$3.84/hr
0M2410,$3.78/hr
0M2411,$2.37/hr
0M2412,$4.5/hr
0M2413,$4.42/hr
0M2414,$3.56/hr
0M2415,$2.57/hr
0M2501,$3.16/hr
0M2502,$3.1/hr
0M2503,$4.01/hr
0M2505,$2.76/hr
100103,$2.77/hr
100210,$3.56/hr
100307,$4.49/hr
100310,$3.75/hr
100402,$3.31/hr
100404,$3.27/hr
100406,$4.45/hr
100408,$4.44/hr
101014,$3.83/hr
101024,$3.82/hr
101098,$2.64/hr
110109,$2.74/hr
110110,$3.76/hr
110114,$2.57/hr
110116,$2.58/hr
110214,$3.2/hr
110310,$3.26/hr
120110,$4.7/hr
120111,$2.7/hr
120198,$3.4/hr
120208,$3.91/hr
120209,$4.36/hr
120310,$2.06/hr
120408,$4.23/hr
120409,$3.97/hr
120498,$2.17/hr
120504,$2.92/hr
120506,$3.1/hr
120508,$4.74/hr
120512,$3.38/hr
120514,$3.69/hr
120516,$3.3/hr
120518,$3.43/hr
121009,$2.25/hr
121010,$4.98/hr
121011,$4.14/hr
121012,$3.75/hr
121013,$4.34/hr
121014,$2.43/hr
121015,$3.13/hr
121016,$3.37/hr
121017,$2.44/hr
121018,$3.1/hr
121019,$3.2/hr
121020,$4.69/hr
121021,$2.85/hr
121022,$4.19/hr
121023,$4.38/hr
121024,$4.33/hr
121025,$3.54/hr
121026,$2.67/hr
121027,$3.76/hr
121028,$2.77/hr
121029,$3.59/hr
121030,$4.65/hr
121031,$4.45/hr
121032,$3.33/hr
121033,$4.28/hr
121034,$3.41/hr
121035,$2.22/hr
121036,$4.88/hr
121037,$3.73/hr
121038,$2.01/hr
121039,$2.88/hr
121040,$3.36/hr
121041,$3.14/hr
121042,$3.64/hr
121043,$3.78/hr
121044,$2.96/hr
121046,$4.46/hr
121102,$2.44/hr
121104,$2.81/hr
121109,$4.72/hr
121111,$4.18/hr
121113,$4.72/hr
121114,$3.09/hr
121115,$2.27/hr
121116,$3.07/hr
121117,$3.55/hr
121118,$3.52/hr
121119,$4.97/hr
121120,$3.28/hr
121121,$2.49/hr
121123,$3.63/hr
121125,$2.68/hr
121126,$3.49/hr
121127,$4.42/hr
121128,$3.65/hr
121130,$2.95/hr
121132,$4.83/hr
121133,$4.31/hr
121134,$2.05/hr
121135,$4.33/hr
121136,$4.49/hr
121137,$4.47/hr
121139,$3.86/hr
121141,$3.89/hr
121143,$2.86/hr
121204,$3.65/hr
121206,$4.68/hr
121208,$4.45/hr
121210,$3.2/hr
121212,$3.63/hr
121214,$3.57/hr
121216,$4.96/hr
121218,$3.07/hr
121220,$4.49/hr
121222,$2.22/hr
121224,$4.65/hr
121226,$2.6/hr
121227,$3.04/hr
121229,$2.4/hr
121231,$3.86/hr
121233,$4.13/hr
121235,$4.04/hr
121237,$2.82/hr
121306,$3/hr
121317,$4.52/hr
121402,$2.61/hr
121418,$3.5/hr
121419,$4.65/hr
121510,$4.77/hr
121513,$4.91/hr
121616,$2.22/hr
121621,$3.36/hr
121705,$2.14/hr
121712,$4.61/hr
121721,$2.64/hr
121821,$3.38/hr
121829,$3.98/hr
130008,$4.77/hr
130701,$3.92/hr
130703,$3.26/hr
130705,$2.56/hr
130707,$4.01/hr
131028,$4.37/hr
140003,$4.82/hr
140023,$3.01/hr
140097,$4.57/hr
140407,$2.81/hr
140509,$4.37/hr
140611,$2.4/hr
140711,$2.91/hr
140809,$2.34/hr
140907,$3.96/hr
141722,$4.77/hr
150407,$4/hr
150414,$3.69/hr
150508,$4.44/hr
150513,$3.11/hr
150711,$3.25/hr
160113,$4.92/hr
160114,$3.83/hr
160134,$2.42/hr
160411,$4.59/hr
161012,$4.69/hr
161014,$4.67/hr
161015,$4.31/hr
161022,$2.53/hr
161035,$3.72/hr
161038,$3/hr
161106,$4.83/hr
161109,$4.16/hr
161111,$4.31/hr
161113,$4.09/hr
161115,$2.49/hr
161124,$4.18/hr
161125,$2.46/hr
161139,$3.73/hr
161141,$3.27/hr
161206,$3.16/hr
161217,$3.98/hr
161224,$2.45/hr
161233,$4.28/hr
161296,$3.05/hr
161312,$3.42/hr
161325,$2.95/hr
161606,$2.47/hr
161607,$4.51/hr
161626,$4.16/hr
161627,$2.24/hr
161640,$2.75/hr
161708,$2/hr
161715,$2.76/hr
170125,$2.82/hr
170127,$3.8/hr
170129,$2.55/hr
170130,$2.36/hr
170131,$2.13/hr
170132,$4.56/hr
170133,$2.43/hr
170134,$2.45/hr
170135,$2.98/hr
170136,$2.53/hr
170137,$4.74/hr
170138,$2.08/hr
170139,$3.19/hr
170140,$4.72/hr
170141,$3.02/hr
170142,$4.92/hr
170143,$4.57/hr
170144,$3.09/hr
170145,$2.74/hr
170146,$2.44/hr
170147,$4.99/hr
170148,$3.6/hr
170202,$4.06/hr
170203,$4.47/hr
170204,$2.19/hr
170205,$4.52/hr
170206,$2.03/hr
170207,$3.61/hr
170208,$3.93/hr
170209,$3.86/hr
170297,$2.47/hr
170301,$4.79/hr
170302,$2.54/hr
170303,$2.31/hr
170304,$4.96/hr
170305,$3.85/hr
170306,$2.37/hr
170307,$4.28/hr
170309,$3.32/hr
170401,$4.75/hr
170402,$2.79/hr
170403,$3.71/hr
170404,$2.18/hr
170405,$3.75/hr
170406,$4.23/hr
170407,$4.89/hr
170411,$3.76/hr
170412,$2.11/hr
170413,$3.29/hr
170414,$2.1/hr
170415,$4.66/hr
170416,$2.97/hr
170417,$4.89/hr
170501,$4.53/hr
170502,$2.97/hr
170503,$2.28/hr
170504,$3.49/hr
170505,$2.62/hr
170506,$3.62/hr
170507,$2.25/hr
170508,$4.4/hr
170509,$4.22/hr
170510,$2.92/hr
170511,$2.93/hr
170512,$3.88/hr
170513,$2.63/hr
170514,$2.49/hr
170515,$2.59/hr
170516,$3.46/hr
170601,$4.53/hr
170603,$4.27/hr
170604,$2.76/hr
170605,$2/hr
170606,$2.71/hr
170607,$2.57/hr
170613,$2.71/hr
170615,$3.84/hr
170616,$3.05/hr
170618,$4.74/hr
170702,$3.55/hr
170704,$4.53/hr
170714,$3.99/hr
170715,$4.38/hr
170716,$4.92/hr
170717,$3.47/hr
170802,$3.6/hr
170803,$2.59/hr
170804,$3.15/hr
170805,$2.98/hr
170806,$3.45/hr
170807,$3.33/hr
170808,$4.27/hr
170810,$3.36/hr
170816,$2.01/hr
170818,$3.94/hr
170820,$2.7/hr
170822,$2.68/hr
170912,$3.28/hr
170914,$3.39/hr
170916,$2.09/hr
180013,$4.28/hr
180131,$4.15/hr
180150,$2.89/hr
180319,$3.03/hr
191003,$4.44/hr
191017,$2.14/hr
191019,$4.37/hr
191111,$4.42/hr
191112,$4/hr
191131,$4.72/hr
191132,$3.62/hr
191147,$4.94/hr
191148,$2.82/hr
191196,$3.31/hr
191207,$3.07/hr
191218,$3.41/hr
191229,$2.86/hr
1C1702,$2.06/hr
1M2413,$2.72/hr
1M2415,$2.41/hr
1M2417,$4.91/hr
1M2419,$3.29/hr
201001,$2.76/hr
201006,$4.89/hr
201009,$2.2/hr
201020,$3.34/hr
201025,$2.08/hr
201027,$4.39/hr
201031,$4.71/hr
201047,$2.36/hr
201048,$4.68/hr
201105,$2.34/hr
201116,$4.63/hr
201121,$2.15/hr
201130,$3.84/hr
201145,$4.76/hr
201146,$4.28/hr
201204,$2.13/hr
201206,$4.8/hr
201220,$3.62/hr
201229,$4.68/hr
201230,$4.55/hr
201307,$3.7/hr
201320,$2.87/hr
201321,$4.25/hr
201408,$4.62/hr
201520,$2.37/hr
201612,$4.98/hr
201732,$3.78/hr
211029,$4.96/hr
211829,$2.46/hr
231010,$4.44/hr
231206,$3.81/hr
231216,$3.73/hr
231310,$2.23/hr
231622,$3.95/hr
231902,$2.05/hr
231914,$2.39/hr
232020,$3.81/hr
241325,$3.89/hr
241617,$3.01/hr
242012,$4.39/hr
253212,$4.91/hr
253213,$3.39/hr
253307,$3.23/hr
261622,$3.96/hr
261625,$2.13/hr
261715,$2.74/hr
270610,$2.34/hr
270628,$4.49/hr
280003,$4.4/hr
280005,$3.53/hr
280007,$2.45/hr
280009,$2.65/hr
280613,$3.92/hr
280915,$3.63/hr
281006,$4.38/hr
281013,$3.03/hr
290912,$3.01/hr
290917,$3.97/hr
290934,$2.8/hr
291001,$3.1/hr
291003,$2.1/hr
291005,$2.19/hr
291007,$2.65/hr
291017,$4.67/hr
291027,$4.42/hr
291045,$3.08/hr
291057,$3.16/hr
291101,$4.53/hr
291103,$2.2/hr
291105,$4.4/hr
291107,$4.4/hr
291109,$3.8/hr
291119,$3.82/hr
291145,$2.67/hr
291151,$2.92/hr
2M2416,$4.57/hr
2M2417,$3.1/hr
2M2418,$2.77/hr
2M2419,$2.56/hr
2M2420,$2.5/hr
2M2421,$2.81/hr
2M2422,$4.56/hr
2M2501,$3.36/hr
2M2502,$4.11/hr
2M2503,$2.46/hr
2M2504,$3.98/hr
2M2505,$4.51/hr
2M2506,$2.61/hr
2M2507,$3.52/hr
2M2508,$4.76/hr
2M2509,$2.25/hr
2M2510,$3.97/hr
300002,$2.1/hr
300004,$2.59/hr
300006,$4.63/hr
300007,$4.39/hr
300008,$3.08/hr
300009,$3.2/hr
300010,$4.79/hr
300011,$3.34/hr
300012,$3.32/hr
300014,$4.6/hr
300015,$2.03/hr
300016,$3.35/hr
300017,$2.65/hr
300018,$4.23/hr
300019,$2.17/hr
300020,$2.15/hr
300021,$2.25/hr
300022,$2.82/hr
300023,$2.33/hr
300024,$4.18/hr
300025,$2.91/hr
300026,$3.02/hr
300027,$4.38/hr
300028,$4.84/hr
300029,$3.06/hr
300030,$4.79/hr
300031,$3.75/hr
300032,$2.37/hr
300033,$4.6/hr
300034,$4.9/hr
300101,$2.7/hr
300102,$2.82/hr
300103,$3.97/hr
300104,$3.4/hr
300105,$3.08/hr
300106,$3.2/hr
300107,$4.78/hr
300108,$3.28/hr
300109,$3.08/hr
300110,$3.57/hr
300112,$3.59/hr
300113,$2.24/hr
300115,$4.43/hr
300117,$4.43/hr
300118,$3.85/hr
300119,$3.96/hr
300120,$3.24/hr
300121,$2.34/hr
300122,$2.99/hr
300123,$2.92/hr
300124,$3.62/hr
300125,$4.36/hr
300126,$2.92/hr
300127,$2.52/hr
300128,$4.85/hr
300129,$2.69/hr
300130,$2.89/hr
300131,$4.38/hr
300132,$2.23/hr
300133,$2.01/hr
300134,$4.36/hr
300135,$4.77/hr
300136,$2.78/hr
300137,$3.58/hr
300138,$4.56/hr
300139,$4.05/hr
300140,$4.59/hr
300141,$2.8/hr
300142,$4.24/hr
300143,$4.77/hr
300144,$3.16/hr
300145,$2.48/hr
300147,$3.94/hr
300149,$4.25/hr
300197,$4.41/hr
300202,$4.32/hr
300204,$3.38/hr
300207,$4.91/hr
300208,$3.42/hr
300209,$3.39/hr
300210,$4.68/hr
300211,$2.25/hr
300212,$4.19/hr
300213,$3.19/hr
300214,$4.37/hr
300215,$4.29/hr
300216,$3.33/hr
300217,$4.79/hr
300218,$2.98/hr
300219,$4.5/hr
300220,$2.55/hr
300221,$3.27/hr
300222,$3.72/hr
300223,$3.75/hr
300506,$2.63/hr
300508,$2.86/hr
300510,$4.44/hr
300512,$2.61/hr
300514,$3.74/hr
300516,$2.85/hr
300518,$4.05/hr
300520,$3.68/hr
300521,$4.26/hr
300522,$2.28/hr
300523,$2.6/hr
300524,$4.14/hr
300525,$4.93/hr
300526,$4.22/hr
300527,$4.31/hr
300528,$3.91/hr
300529,$4.6/hr
300530,$3.3/hr
300531,$3.66/hr
300532,$3.43/hr
300534,$4.17/hr
300536,$2.54/hr
300538,$4.2/hr
300540,$2.39/hr
300598,$3.34/hr
300602,$4.53/hr
300604,$4.63/hr
300606,$4.55/hr
300608,$3.88/hr
300609,$3.76/hr
300610,$2.15/hr
300611,$3.48/hr
300612,$2.96/hr
300613,$2.36/hr
300614,$3.89/hr
300615,$4.4/hr
300616,$2.33/hr
300617,$2.46/hr
300618,$3.3/hr
300619,$4.1/hr
300620,$2.61/hr
300621,$4.77/hr
300622,$2.02/hr
300623,$2.76/hr
300624,$2.77/hr
300625,$3.54/hr
300626,$4.41/hr
300627,$3.44/hr
300628,$4.98/hr
300629,$3.56/hr
300630,$3.86/hr
300631,$3.64/hr
300632,$4.62/hr
300633,$4.17/hr
300634,$4.98/hr
300635,$4.42/hr
300637,$2.13/hr
300639,$4.41/hr
300709,$4.65/hr
300711,$2.04/hr
300713,$3.24/hr
300721,$2.07/hr
300723,$4.64/hr
300725,$2.97/hr
300727,$4.94/hr
300729,$4.78/hr
300731,$4.09/hr
300733,$4.09/hr
300810,$3.18/hr
300812,$4.65/hr
300814,$2.7/hr
300816,$3.53/hr
300818,$4.58/hr
300823,$4.28/hr
300825,$2.68/hr
300827,$4.58/hr
300829,$3.82/hr
300831,$3.39/hr
300833,$3.5/hr
300835,$2.32/hr
300837,$2.08/hr
300839,$4.46/hr
300841,$2.05/hr
300843,$3.87/hr
300901,$2.22/hr
300902,$3.49/hr
300903,$2.76/hr
300904,$4.35/hr
300905,$2.48/hr
300906,$3.32/hr
300907,$4.19/hr
300908,$2.96/hr
300909,$3.23/hr
300910,$2.3/hr
300911,$2.78/hr
300912,$2/hr
300913,$2.68/hr
300914,$2.38/hr
300915,$4.86/hr
300916,$3.17/hr
300917,$2.25/hr
300918,$2.75/hr
300921,$2.02/hr
300923,$2.83/hr
300925,$3.11/hr
300927,$2.07/hr
300929,$5/hr
300930,$4.78/hr
300931,$3.9/hr
300932,$3.16/hr
300933,$2.12/hr
300934,$2.12/hr
300935,$2.21/hr
300936,$2.73/hr
300937,$4.99/hr
300939,$2.75/hr
300941,$2.8/hr
301004,$3.76/hr
301006,$2.38/hr
301008,$4.62/hr
301010,$4.97/hr
301012,$2.97/hr
301013,$3.95/hr
301014,$2.84/hr
301015,$3.36/hr
301016,$3.27/hr
301017,$4.27/hr
301018,$3.56/hr
301019,$2.98/hr
301020,$2.2/hr
301021,$3.06/hr
301022,$3.72/hr
301023,$4.42/hr
301024,$2.93/hr
301025,$2.4/hr
301026,$4.21/hr
301027,$2.86/hr
301028,$2.66/hr
301029,$2.73/hr
301030,$3.66/hr
301031,$2.12/hr
301032,$3.64/hr
301033,$3.8/hr
301034,$3.11/hr
301035,$2.14/hr
301036,$2.35/hr
301037,$3.36/hr
301038,$4.75/hr
301039,$2.67/hr
301041,$3.09/hr
301102,$2.43/hr
301104,$3.89/hr
301106,$4.17/hr
301108,$4.15/hr
301109,$3.27/hr
301110,$4.89/hr
301111,$3.62/hr
301112,$4.45/hr
301113,$3.39/hr
301114,$4.58/hr
301115,$4.76/hr
301116,$2.06/hr
301117,$3/hr
301118,$3.83/hr
301119,$2.13/hr
301120,$3.16/hr
301121,$4.43/hr
301122,$4.66/hr
301123,$5/hr
301124,$3.02/hr
301125,$4.1/hr
301126,$3.43/hr
301127,$2.86/hr
301128,$2.02/hr
301129,$2.5/hr
301130,$4.46/hr
301131,$3.8/hr
301132,$3.63/hr
301133,$4.75/hr
301134,$4.85/hr
301135,$2.01/hr
301136,$2.51/hr
301137,$4.51/hr
301138,$4.04/hr
301139,$4.66/hr
301202,$3.17/hr
301204,$2.85/hr
301206,$2.77/hr
301208,$3.31/hr
301210,$3.23/hr
301212,$4.21/hr
301214,$3.37/hr
301215,$2.2/hr
301216,$4.92/hr
301217,$3.98/hr
301218,$3.13/hr
301219,$4.71/hr
301220,$3.17/hr
301221,$2.73/hr
301222,$2.11/hr
301223,$3.38/hr
301224,$2.56/hr
301225,$3.69/hr
301226,$2.73/hr
301227,$3.61/hr
301228,$4.86/hr
301229,$2.47/hr
301230,$4.77/hr
301231,$2.43/hr
301232,$4.86/hr
301233,$2.99/hr
301235,$4.4/hr
301237,$2/hr
301238,$3.83/hr
301239,$2.14/hr
301240,$3.19/hr
301241,$4.53/hr
301242,$2.07/hr
301243,$3.79/hr
301245,$4.72/hr
301301,$4.23/hr
301302,$2/hr
301303,$4.32/hr
301304,$4.6/hr
301305,$2.04/hr
301306,$3.41/hr
301307,$2.92/hr
301308,$2.39/hr
301309,$4.17/hr
301310,$2.7/hr
301311,$4.96/hr
301312,$2.72/hr
301313,$2.73/hr
301314,$3.49/hr
301315,$4.25/hr
301316,$2.77/hr
301317,$2.09/hr
301318,$3.15/hr
301319,$4.47/hr
301320,$4.9/hr
301321,$3.09/hr
301322,$4.76/hr
301323,$3.54/hr
301324,$4.4/hr
301325,$3.38/hr
301326,$4.71/hr
301327,$2.42/hr
301328,$4.96/hr
301329,$3.53/hr
301330,$3.79/hr
301331,$3.37/hr
301332,$3.46/hr
301333,$2.18/hr
301504,$4.54/hr
301506,$2.15/hr
301508,$4.14/hr
301510,$3.23/hr
301512,$4.76/hr
301514,$3.09/hr
301516,$2.17/hr
301518,$2.58/hr
301520,$4.4/hr
301521,$3.24/hr
301523,$4.02/hr
301525,$2.39/hr
301527,$3.88/hr
301529,$4.22/hr
301531,$4.48/hr
301533,$4.73/hr
301535,$2.23/hr
301601,$3.94/hr
301602,$2/hr
301603,$2.2/hr
301604,$3.01/hr
301605,$3.42/hr
301606,$3.08/hr
301608,$3.13/hr
301610,$4.41/hr
301612,$4.66/hr
301613,$2.08/hr
301614,$3.41/hr
301615,$2.8/hr
301616,$4.78/hr
301617,$4.49/hr
301618,$3.14/hr
301619,$3.2/hr
301620,$4.58/hr
301621,$2.31/hr
301622,$4.79/hr
301623,$3.04/hr
301624,$4.83/hr
301625,$4.04/hr
301626,$3.7/hr
301627,$4.38/hr
301628,$2.8/hr
301629,$4.87/hr
301630,$4.92/hr
301631,$2.02/hr
301632,$2.32/hr
301633,$3.57/hr
301634,$2.86/hr
301635,$4.6/hr
301636,$3.44/hr
301637,$4.37/hr
301638,$3.55/hr
301639,$2.65/hr
301640,$3.59/hr
301641,$5/hr
301642,$3.21/hr
301643,$2.07/hr
301644,$4.73/hr
301698,$3.44/hr
301702,$4.02/hr
301704,$4.76/hr
301706,$3.74/hr
301708,$2.43/hr
301709,$4.92/hr
301710,$3.3/hr
301711,$2.73/hr
301712,$4.78/hr
301713,$4.72/hr
301714,$4.24/hr
301715,$2.04/hr
301716,$4.46/hr
301717,$2.21/hr
301718,$4.68/hr
301719,$2.76/hr
301720,$3.75/hr
301721,$2.47/hr
301722,$2.11/hr
301723,$4.15/hr
301724,$3.41/hr
301725,$2.61/hr
301726,$3.83/hr
301727,$3.29/hr
301728,$2.98/hr
301729,$3.01/hr
301730,$4.14/hr
301731,$3.65/hr
301732,$3.84/hr
301804,$3.24/hr
301806,$2.68/hr
301808,$4.7/hr
301810,$4.45/hr
301811,$3.16/hr
301812,$3.46/hr
301813,$2.8/hr
301814,$4.65/hr
301815,$3.81/hr
301816,$3.13/hr
301817,$2.22/hr
301818,$2.71/hr
301819,$4.87/hr
301820,$2.23/hr
301821,$3.54/hr
301823,$3.03/hr
301825,$2.5/hr
301826,$4.44/hr
301827,$3.67/hr
301828,$3.03/hr
301830,$2.17/hr
301832,$2.72/hr
301834,$2.13/hr
301835,$3.46/hr
301837,$2.93/hr
301839,$2.26/hr
301841,$3.51/hr
301843,$2.75/hr
301902,$4.26/hr
301903,$2.01/hr
301904,$4.3/hr
301905,$4.48/hr
301906,$4.47/hr
301907,$3.91/hr
301908,$4.17/hr
301909,$4.1/hr
301910,$2.97/hr
301911,$3.58/hr
301912,$3.99/hr
301913,$4.2/hr
301914,$4.03/hr
301915,$2.57/hr
301916,$4.73/hr
301917,$4.96/hr
301918,$2.61/hr
301919,$2.16/hr
301920,$3.96/hr
301921,$2.32/hr
301922,$3.73/hr
301924,$3.67/hr
301926,$2.16/hr
301928,$3.79/hr
301930,$4.46/hr
301932,$2.94/hr
301933,$2.33/hr
301934,$3.84/hr
301935,$4.2/hr
301937,$4.47/hr
301939,$4.76/hr
301941,$2.39/hr
301943,$4.68/hr
302002,$2.21/hr
302004,$4.01/hr
302006,$2.43/hr
302008,$4.13/hr
302009,$2.34/hr
302010,$3.31/hr
302011,$4.55/hr
302012,$4.81/hr
302013,$2.39/hr
302014,$4.51/hr
302015,$4.38/hr
302016,$3.38/hr
302017,$4.74/hr
302018,$2.57/hr
302019,$2.63/hr
302020,$3.43/hr
302021,$4.27/hr
302022,$3.05/hr
302023,$3.47/hr
302025,$3.17/hr
302027,$3.45/hr
302029,$2.72/hr
302039,$4.26/hr
302041,$2.14/hr
302043,$4.91/hr
302114,$4.13/hr
302116,$3.92/hr
302118,$2.2/hr
302120,$3.26/hr
302121,$4.67/hr
302122,$2.6/hr
302123,$2.99/hr
302124,$2.12/hr
302125,$2.66/hr
302126,$4.92/hr
302127,$2.62/hr
302128,$2.34/hr
302129,$4.83/hr
302131,$3.16/hr
302132,$2.29/hr
302133,$2.95/hr
302134,$2.91/hr
302136,$3.68/hr
302202,$4.7/hr
302204,$4.43/hr
302206,$3.06/hr
302208,$2.99/hr
302209,$3.78/hr
302210,$4.93/hr
302211,$2.32/hr
302212,$3.82/hr
302213,$4.13/hr
302214,$4.17/hr
302215,$3.48/hr
302216,$2.9/hr
302217,$2.05/hr
302218,$2.55/hr
302220,$4.59/hr
302221,$4.29/hr
302222,$2.68/hr
302223,$4.53/hr
302224,$3.64/hr
302226,$2.58/hr
302228,$2.97/hr
302230,$2.13/hr
302232,$2.75/hr
302233,$2.33/hr
302234,$4.43/hr
302235,$4.14/hr
302236,$2.4/hr
302241,$3.6/hr
302243,$2.78/hr
302501,$4.12/hr
302503,$4.26/hr
302504,$3.92/hr
302505,$4.83/hr
302506,$4.38/hr
302507,$2.41/hr
302508,$2.93/hr
302509,$2.39/hr
302510,$4.17/hr
302511,$2.7/hr
302512,$4.98/hr
302513,$2.79/hr
302514,$3.03/hr
302515,$4.78/hr
302516,$3.81/hr
302517,$2.69/hr
302518,$3.01/hr
302519,$5/hr
302520,$4.96/hr
302521,$4.82/hr
302522,$4.22/hr
302523,$4.63/hr
302525,$2.51/hr
302527,$2.65/hr
302528,$3.74/hr
302529,$2.72/hr
302530,$3.41/hr
302531,$3.87/hr
302532,$4.11/hr
302533,$3.97/hr
302534,$2.5/hr
302535,$4.59/hr
302536,$4.44/hr
302537,$3.43/hr
302539,$4.84/hr
302541,$2.89/hr
302602,$3.94/hr
302608,$3.02/hr
302609,$4.3/hr
302610,$4.42/hr
302611,$4.22/hr
302613,$2.85/hr
302615,$2.59/hr
302617,$2.39/hr
302618,$2.17/hr
302619,$4.7/hr
302620,$3/hr
302621,$4.88/hr
302622,$4.39/hr
302623,$2.3/hr
302624,$2.35/hr
302625,$2.83/hr
302626,$2.09/hr
302627,$2.99/hr
302628,$3.67/hr
302629,$4.37/hr
302630,$2.84/hr
302702,$2.1/hr
302706,$2.97/hr
302708,$3.55/hr
302710,$3.84/hr
302712,$3.56/hr
302820,$4.28/hr
302821,$2.71/hr
302822,$4.73/hr
302823,$4.51/hr
302824,$3.36/hr
302825,$4.29/hr
302826,$3.35/hr
302827,$4.87/hr
302828,$3.31/hr
302829,$2.92/hr
302830,$2.68/hr
302831,$2.65/hr
302832,$3.21/hr
302901,$3.09/hr
302903,$3.82/hr
302904,$4.84/hr
302905,$4.73/hr
302906,$4.12/hr
302907,$4.43/hr
302908,$4.76/hr
302909,$2.53/hr
302910,$2.38/hr
302911,$2.31/hr
302912,$2.41/hr
302913,$3.1/hr
302915,$3.27/hr
302926,$2.05/hr
302928,$4.45/hr
302930,$2.08/hr
302998,$4.06/hr
303001,$3.08/hr
303003,$4.2/hr
303004,$3.76/hr
303005,$4.19/hr
303006,$4.7/hr
303007,$2.91/hr
303008,$4.45/hr
303009,$2.54/hr
303010,$3.35/hr
303011,$4.12/hr
303012,$2.57/hr
303013,$4.48/hr
303014,$3.69/hr
303015,$3.02/hr
303016,$2.03/hr
303017,$2.1/hr
303018,$2.41/hr
303019,$3.74/hr
303021,$3.46/hr
303023,$4.1/hr
303024,$2.13/hr
303025,$2.34/hr
303026,$3.29/hr
303027,$4.45/hr
303028,$4.37/hr
303029,$3.49/hr
303031,$2.34/hr
303033,$2.24/hr
303104,$2.16/hr
303106,$2.1/hr
303108,$5/hr
303109,$4.69/hr
303110,$3.48/hr
303111,$4.34/hr
303112,$3.23/hr
303113,$4.16/hr
303114,$3.1/hr
303115,$4/hr
303116,$2.71/hr
303117,$2.54/hr
303118,$2.57/hr
303119,$3.25/hr
303120,$3.52/hr
303121,$2.87/hr
303122,$4.8/hr
303123,$4.36/hr
303124,$2.4/hr
303125,$2.93/hr
303126,$2.46/hr
303128,$4.5/hr
303130,$4.13/hr
303132,$2.15/hr
303134,$2.37/hr
303201,$3.38/hr
303203,$4.78/hr
303204,$2.79/hr
303205,$3.61/hr
303206,$4.67/hr
303207,$4.53/hr
303208,$3.64/hr
303209,$2.6/hr
303210,$3.09/hr
303211,$2.63/hr
303212,$4.88/hr
303213,$2.53/hr
303214,$2.01/hr
303215,$3.47/hr
303216,$3.3/hr
303217,$4.08/hr
303218,$2.53/hr
303219,$4.38/hr
303220,$3.33/hr
303221,$4.49/hr
303222,$4.46/hr
303223,$3.83/hr
303224,$3.77/hr
303225,$2.35/hr
303226,$4.46/hr
303227,$4.23/hr
303228,$2.78/hr
303229,$2.19/hr
303230,$3.64/hr
303231,$3.61/hr
303233,$2.13/hr
310001,$3.81/hr
310003,$4.69/hr
310005,$3.99/hr
310007,$3.9/hr
310009,$2.51/hr
310010,$4.87/hr
310011,$2.83/hr
310012,$3.53/hr
310013,$4.16/hr
310015,$2.22/hr
310017,$2.6/hr
310019,$4.37/hr
310021,$3.02/hr
310023,$3/hr
310025,$3.96/hr
310315,$2.78/hr
310317,$3.03/hr
310319,$4.8/hr
310321,$3.9/hr
310323,$3.09/hr
310325,$4.78/hr
310327,$3.63/hr
310329,$4.78/hr
310331,$2.04/hr
310333,$2.84/hr
310347,$3.1/hr
310349,$4.96/hr
310397,$4.51/hr
320002,$2.68/hr
320004,$3.87/hr
320006,$3.32/hr
320007,$2.96/hr
320009,$2.86/hr
320010,$3.42/hr
320602,$3.52/hr
320704,$2.32/hr
320943,$2.05/hr
321117,$4.29/hr
321120,$4.28/hr
321212,$3.54/hr
321213,$2.88/hr
321232,$4.79/hr
321235,$4.28/hr
321310,$2.05/hr
321325,$4.4/hr
321334,$4.86/hr
331514,$3.1/hr
331517,$4.92/hr
341022,$4.3/hr
341024,$4.73/hr
341026,$2.77/hr
341028,$3.64/hr
341030,$4.9/hr
341049,$2.56/hr
341051,$2.11/hr
341053,$3.89/hr
341055,$2.11/hr
341057,$2.87/hr
341059,$3.04/hr
341061,$4.56/hr
341098,$2.7/hr
341101,$3.81/hr
341103,$2.94/hr
341105,$4.27/hr
341107,$4.56/hr
341109,$4.96/hr
341111,$3.14/hr
341113,$4.79/hr
341115,$3.56/hr
341201,$4.44/hr
341203,$3.49/hr
341205,$2.13/hr
350712,$4.17/hr
350715,$3.48/hr
350804,$2.91/hr
350915,$2.07/hr
361612,$2.66/hr
361738,$2.05/hr
361908,$3.3/hr
371115,$2.34/hr
371129,$2.79/hr
381020,$4.95/hr
381117,$2.38/hr
381306,$4.05/hr
391115,$2.11/hr
391127,$2.38/hr
3M1916,$3.57/hr
3M1925,$2.72/hr
3M2004,$3.9/hr
3M2025,$3.31/hr
3M2416,$2.87/hr
3M2418,$2.44/hr
3M2420,$4.56/hr
3M2422,$4.5/hr
3M2501,$3.8/hr
3M2502,$3.5/hr
3M2503,$4.1/hr
3M2504,$2.01/hr
3M2506,$4.75/hr
3M2508,$3.72/hr
3M2597,$2.37/hr
400005,$4.65/hr
400008,$2.17/hr
400023,$3.91/hr
400038,$2.01/hr
400043,$2.32/hr
400051,$3.57/hr
400053,$2.91/hr
400094,$4.82/hr
400096,$4.39/hr
400197,$2.48/hr
410120,$3.22/hr
410135,$3.69/hr
410205,$3.76/hr
410210,$2.74/hr
410231,$3.4/hr
410232,$3.8/hr
410299,$3.81/hr
420203,$2.66/hr
420212,$2.84/hr
420221,$4.25/hr
420229,$4.71/hr
420230,$2.81/hr
420231,$3.93/hr
420233,$3.22/hr
420241,$2.3/hr
430215,$2.85/hr
430235,$2.33/hr
440510,$4.12/hr
440511,$2.59/hr
440528,$4.59/hr
440529,$4.2/hr
451702,$2.24/hr
471116,$2.58/hr
471212,$4.19/hr
471405,$2.22/hr
471406,$2.52/hr
490007,$3.93/hr
490308,$4.11/hr
500106,$3.75/hr
500113,$4.42/hr
500209,$2.85/hr
500210,$4.98/hr
500305,$2.36/hr
500306,$3.87/hr
500407,$4.28/hr
500418,$4.78/hr
500513,$3.04/hr
500516,$4.88/hr
500608,$4.27/hr
500611,$4.73/hr
500709,$2.82/hr
500712,$3.89/hr
510105,$3.03/hr
510114,$4.45/hr
510197,$2.18/hr
510219,$4.54/hr
510299,$2.18/hr
510311,$4.26/hr
510314,$3.78/hr
510416,$4.09/hr
510501,$4.14/hr
510511,$3.4/hr
510514,$2.61/hr
510602,$3.84/hr
510604,$3.36/hr
510606,$3.28/hr
510617,$4.33/hr
510619,$3.82/hr
510709,$4.1/hr
510712,$4.06/hr
512401,$2.97/hr
512402,$3.7/hr
512403,$4.57/hr
512404,$3.74/hr
512405,$2.99/hr
512406,$4.74/hr
512407,$3.71/hr
512408,$2.36/hr
512409,$4.66/hr
512410,$2.2/hr
512411,$4.04/hr
512412,$2.59/hr
512414,$4.83/hr
512416,$2.38/hr
512418,$4.43/hr
512420,$3.98/hr
512506,$4.64/hr
512508,$3.25/hr
512510,$3.34/hr
512512,$4.92/hr
512514,$3.61/hr
512515,$4.3/hr
512516,$2.65/hr
512517,$4.36/hr
512518,$2.83/hr
512519,$2.06/hr
512521,$2.83/hr
512598,$2.99/hr
512602,$4.43/hr
512603,$2.19/hr
512604,$4.68/hr
512605,$2.81/hr
512606,$4.02/hr
512607,$3.66/hr
512608,$4.25/hr
512610,$2.29/hr
512612,$2.66/hr
512614,$4.46/hr
512617,$3.32/hr
512618,$4.2/hr
512619,$3.03/hr
512620,$3.57/hr
512621,$3.77/hr
512622,$3.12/hr
512623,$2.29/hr
512624,$3.11/hr
512625,$3.67/hr
512701,$4.02/hr
512702,$4.08/hr
512703,$3.33/hr
512704,$2.42/hr
512705,$3.11/hr
512706,$3.28/hr
512707,$2.06/hr
512708,$4.48/hr
512709,$2.19/hr
512710,$4.55/hr
512711,$2.15/hr
512712,$4.1/hr
512713,$3.07/hr
512715,$4.04/hr
512717,$2.98/hr
512813,$3.78/hr
512816,$4.97/hr
512904,$2.5/hr
512915,$4.62/hr
513016,$4.56/hr
513019,$3.96/hr
513105,$4.12/hr
513106,$3.71/hr
513119,$4.18/hr
513206,$4.78/hr
513216,$3.36/hr
513221,$3.47/hr
513312,$2.26/hr
513315,$4.88/hr
513412,$3.61/hr
513419,$4.44/hr
513498,$3.34/hr
513509,$4.38/hr
513510,$3.89/hr
513512,$4.3/hr
513516,$4.82/hr
513597,$3.22/hr
513608,$2.62/hr
513611,$4.45/hr
513613,$3.37/hr
513616,$4.53/hr
513620,$4.55/hr
513622,$4.13/hr
513698,$2.01/hr
513709,$4.66/hr
513712,$3.27/hr
513797,$3.35/hr
513806,$4.96/hr
513813,$3.77/hr
513816,$4.93/hr
513898,$2.37/hr
513901,$4.04/hr
513913,$2.08/hr
513914,$2.29/hr
514001,$3.19/hr
514003,$4.11/hr
514097,$2.98/hr
514114,$3.58/hr
514117,$3.93/hr
514126,$3.93/hr
514204,$2.85/hr
514207,$3.48/hr
514210,$3.83/hr
514215,$3.71/hr
514305,$2.05/hr
514308,$3.11/hr
514327,$4.43/hr
514410,$4.82/hr
514411,$2.8/hr
514424,$3.56/hr
514427,$4.38/hr
520102,$3.22/hr
520198,$3.97/hr
520211,$2.19/hr
520497,$3.04/hr
520515,$3.61/hr
521607,$3.93/hr
521608,$3.83/hr
521638,$2.35/hr
521697,$4.26/hr
521699,$3.24/hr
521705,$4.43/hr
521706,$4.43/hr
521718,$3.86/hr
521810,$3.99/hr
521914,$3.39/hr
521915,$2.97/hr
522016,$2.67/hr
522017,$2.46/hr
522112,$2.27/hr
522115,$4.96/hr
522117,$3.99/hr
522208,$3.09/hr
522209,$4.47/hr
522307,$2.09/hr
522310,$4.04/hr
522397,$2.91/hr
522406,$3.46/hr
522411,$3.54/hr
522501,$2.35/hr
522502,$2.13/hr
522503,$4.57/hr
522504,$2.48/hr
522505,$2.68/hr
522506,$3.98/hr
522507,$3.83/hr
522508,$2.22/hr
530405,$3.61/hr
530407,$3.38/hr
530409,$4.08/hr
530411,$2.25/hr
530525,$3/hr
530527,$3.28/hr
540108,$2.37/hr
540214,$3.02/hr
540215,$3/hr
540216,$3.95/hr
540218,$2.72/hr
540307,$2.77/hr
540310,$3.69/hr
540397,$2.12/hr
540405,$3.55/hr
540409,$3.38/hr
540410,$4.25/hr
540411,$3.11/hr
540510,$3.79/hr
540523,$4.63/hr
540530,$3.78/hr
540613,$3.03/hr
540614,$4.78/hr
550516,$3.8/hr
550526,$2.7/hr
550636,$3.06/hr
550729,$2.23/hr
550731,$2.96/hr
550821,$3.13/hr
550917,$4.75/hr
560201,$3.38/hr
560203,$3.62/hr
560204,$2.99/hr
560206,$2.07/hr
560207,$2.4/hr
560208,$3.79/hr
560209,$3.76/hr
560210,$2.43/hr
560211,$4.88/hr
560309,$3.09/hr
560310,$4.83/hr
560406,$3.87/hr
560408,$2.87/hr
560410,$3.73/hr
560412,$2.06/hr
560413,$3.1/hr
560414,$4.31/hr
560724,$4.27/hr
560816,$3.41/hr
560821,$2.26/hr
560928,$2.05/hr
561013,$4.49/hr
561016,$2.28/hr
561027,$4.96/hr
561043,$3.93/hr
563218,$2.76/hr
563219,$3.03/hr
563303,$4.85/hr
563310,$4.16/hr
563319,$4.28/hr
563402,$3.89/hr
563404,$4.61/hr
563409,$3.37/hr
563422,$4.04/hr
570408,$2.1/hr
570413,$2.39/hr
570501,$3.63/hr
570503,$3/hr
570505,$2.1/hr
570507,$2.51/hr
570518,$4.26/hr
570519,$2.76/hr
570609,$2.04/hr
570616,$2.89/hr
570631,$3.34/hr
570634,$3.05/hr
570701,$3.21/hr
570703,$4.92/hr
570705,$3.94/hr
570707,$2.97/hr
570710,$4.04/hr
570729,$3.27/hr
570732,$2.23/hr
570812,$2.32/hr
570815,$2.93/hr
570911,$2.69/hr
570913,$2.67/hr
570915,$3.26/hr
570917,$3.29/hr
570919,$4.7/hr
570921,$2.59/hr
570923,$2.88/hr
570925,$4.63/hr
570927,$3.5/hr
570929,$4.62/hr
570931,$4.6/hr
571001,$4.12/hr
571003,$4.82/hr
571005,$3.74/hr
571007,$2.23/hr
571009,$3.95/hr
571017,$2.04/hr
571035,$2.34/hr
571053,$3.59/hr
571057,$2.92/hr
571059,$4.83/hr
571061,$4.39/hr
571105,$2.46/hr
571115,$3.12/hr
571135,$3.21/hr
571161,$4.71/hr
571163,$2.9/hr
571165,$4.39/hr
571167,$2.26/hr
571201,$2.13/hr
571203,$4.84/hr
571205,$3.84/hr
571229,$2.69/hr
571253,$2.9/hr
580518,$4.44/hr
580519,$2.48/hr
580533,$3.09/hr
580612,$3.03/hr
580625,$3.85/hr
580630,$2.19/hr
580697,$3.39/hr
580715,$2.36/hr
580737,$2.64/hr
580810,$4.1/hr
580811,$4.61/hr
580830,$2.75/hr
580833,$3.92/hr
580908,$3.33/hr
580911,$2.9/hr
580933,$2.51/hr
580934,$4.86/hr
581011,$2.78/hr
581024,$3.31/hr
581033,$3.22/hr
581103,$4.15/hr
581112,$3.08/hr
581117,$3.98/hr
581133,$2.64/hr
581138,$2.29/hr
581142,$4.5/hr
581207,$4.64/hr
581208,$4.69/hr
581226,$4.56/hr
581231,$3.7/hr
581305,$2.81/hr
581318,$3.98/hr
581329,$3.46/hr
581409,$3.38/hr
581410,$4.49/hr
581422,$4.32/hr
581431,$3.13/hr
581436,$3.71/hr
590316,$4.15/hr
590404,$4.62/hr
590413,$2.66/hr
590508,$3.42/hr
590515,$4.12/hr
590610,$2.35/hr
590613,$3.39/hr
590615,$4.88/hr
590617,$3.24/hr
590619,$2.56/hr
590622,$4.06/hr
590624,$4.65/hr
590704,$3.08/hr
590708,$2.44/hr
590709,$3.95/hr
590736,$4.45/hr
590738,$2.4/hr
590740,$2.65/hr
590810,$4.06/hr
590815,$4.32/hr
590824,$4.44/hr
590896,$4.25/hr
590908,$2.93/hr
590911,$2.89/hr
590920,$3.68/hr
590931,$4.71/hr
591001,$4.52/hr
591012,$3.47/hr
591021,$4.79/hr
591030,$2.53/hr
591104,$2.3/hr
591121,$4.9/hr
591124,$3.59/hr
591205,$4.24/hr
591211,$2.43/hr
591214,$3.46/hr
591225,$4.99/hr
591230,$3.59/hr
591310,$3.95/hr
591313,$4.01/hr
591328,$3.21/hr
5C1639,$4.99/hr
5M2503,$4.32/hr
5M2504,$4.62/hr
5M2505,$2.14/hr
5M2506,$3.83/hr
600309,$4.76/hr
600311,$4.28/hr
600420,$2.12/hr
600422,$4.78/hr
600424,$3.52/hr
600498,$4.26/hr
600515,$2.76/hr
600524,$2/hr
600526,$2.75/hr
600528,$2.72/hr
600530,$3.38/hr
600532,$3.73/hr
600534,$3.49/hr
600536,$4.26/hr
600538,$2.83/hr
600540,$2.36/hr
600625,$4.32/hr
600628,$3.51/hr
600698,$2.59/hr
600808,$3.43/hr
600813,$4.38/hr
600828,$3.62/hr
600829,$2.94/hr
600911,$4.83/hr
600918,$4.33/hr
600931,$2.18/hr
601005,$4.9/hr
601010,$3.97/hr
601027,$3.12/hr
601034,$4.72/hr
601109,$3.25/hr
601114,$3.06/hr
601133,$3.55/hr
601203,$3.58/hr
601205,$2.25/hr
601207,$4.52/hr
601209,$4.84/hr
601210,$2.64/hr
601211,$2.69/hr
601212,$3.51/hr
601213,$4.5/hr
601214,$3.97/hr
601215,$4.32/hr
601216,$4.73/hr
601217,$2.66/hr
601218,$3.12/hr
601219,$2.61/hr
601220,$4.72/hr
601221,$4.74/hr
601222,$4.54/hr
601223,$3.49/hr
601224,$4.84/hr
601225,$2.71/hr
601226,$3.05/hr
601227,$2.13/hr
601228,$2.48/hr
601229,$4.02/hr
601230,$4.66/hr
601231,$3.23/hr
601232,$3.18/hr
601233,$4.22/hr
601235,$3.56/hr
601237,$3.14/hr
601239,$3.02/hr
601241,$3.7/hr
611425,$4.41/hr
611426,$2.96/hr
611432,$2.59/hr
611433,$2.05/hr
611446,$3.49/hr
611447,$3.3/hr
612101,$4.01/hr
612102,$2.18/hr
612103,$2.84/hr
612104,$2.67/hr
612105,$2.84/hr
612106,$4.19/hr
612107,$4.43/hr
612108,$4.57/hr
612110,$4.57/hr
612201,$4.15/hr
612203,$2.03/hr
612205,$4.69/hr
612206,$3.35/hr
612207,$3.68/hr
612208,$3.36/hr
612209,$3.78/hr
612210,$3.79/hr
612211,$2.61/hr
612212,$2.7/hr
612213,$3.65/hr
612215,$2.18/hr
612217,$3.92/hr
612302,$2.08/hr
612304,$2.64/hr
612306,$4.94/hr
612308,$2.78/hr
612309,$3.1/hr
612310,$2.17/hr
612311,$2.53/hr
612312,$4.14/hr
612313,$2.11/hr
612314,$2.12/hr
612315,$2.27/hr
612316,$3/hr
612317,$3.2/hr
612318,$4.99/hr
612319,$4.33/hr
612320,$4.7/hr
612401,$2.52/hr
612402,$2.5/hr
612403,$2.92/hr
612404,$2.12/hr
612405,$2.82/hr
612407,$2.73/hr
612409,$3.21/hr
612411,$2.84/hr
612605,$2.58/hr
612612,$2.37/hr
612619,$2.13/hr
612698,$4.55/hr
612717,$2.34/hr
612811,$2.05/hr
612812,$4.24/hr
612910,$4.04/hr
612915,$2.5/hr
613010,$4.37/hr
613015,$3.34/hr
613097,$4.59/hr
613120,$4.91/hr
620302,$2.82/hr
620304,$3.34/hr
620306,$3.26/hr
620308,$4.29/hr
620316,$3.67/hr
620402,$3.47/hr
620404,$4.35/hr
620406,$3.34/hr
620408,$4.66/hr
620496,$2.26/hr
620502,$4.32/hr
620504,$3.84/hr
620524,$4.24/hr
620598,$4.67/hr
620635,$2.65/hr
620641,$3.23/hr
620643,$3.18/hr
620725,$4.24/hr
620814,$3.66/hr
620826,$3.57/hr
620901,$4.88/hr
620903,$2.68/hr
620905,$2.77/hr
620907,$3.81/hr
620916,$2.76/hr
620928,$3.34/hr
620996,$3.42/hr
621014,$2.08/hr
621025,$4.17/hr
621034,$3.57/hr
621111,$3.37/hr
621112,$4.12/hr
621128,$2.51/hr
621207,$4.2/hr
621216,$2.44/hr
621231,$3.59/hr
621414,$2.67/hr
621426,$3.55/hr
621503,$4.73/hr
621504,$2.03/hr
630401,$2.93/hr
630403,$3.57/hr
630515,$4.08/hr
630619,$4.69/hr
630720,$3.19/hr
630729,$2.88/hr
630737,$2.83/hr
630739,$3.52/hr
630741,$4.1/hr
630833,$4.92/hr
630835,$4.34/hr
630837,$4.9/hr
630915,$3.51/hr
631022,$3.83/hr
631024,$3.62/hr
631026,$4.61/hr
631036,$4.17/hr
631110,$2.06/hr
631126,$4.76/hr
631134,$3.64/hr
631224,$4.92/hr
631226,$2.68/hr
631228,$2.63/hr
631229,$3.1/hr
631230,$2.63/hr
631231,$4.85/hr
631232,$2.37/hr
631233,$4.3/hr
631234,$3.37/hr
631235,$4.98/hr
631236,$3.77/hr
631237,$4.93/hr
631238,$2.34/hr
631239,$3.91/hr
631240,$4.51/hr
631316,$2.84/hr
631318,$4.67/hr
631320,$3.83/hr
631322,$3.15/hr
631324,$2.25/hr
631326,$2.79/hr
631328,$2.2/hr
631329,$3.62/hr
631330,$3.52/hr
631332,$4.72/hr
631503,$2.03/hr
631512,$3/hr
640401,$3.92/hr
640403,$2.59/hr
640405,$2.21/hr
640407,$4.26/hr
640497,$3.69/hr
640509,$3.68/hr
640610,$2.32/hr
640611,$4.57/hr
640613,$4.88/hr
640615,$2.68/hr
640617,$2.77/hr
640715,$3.82/hr
640814,$2.8/hr
640906,$3.52/hr
640911,$4.22/hr
640928,$2.51/hr
641008,$3.92/hr
641103,$4.07/hr
641127,$3.56/hr
641138,$3.62/hr
641140,$2.43/hr
641210,$2.28/hr
641212,$2.1/hr
641314,$4.66/hr
641316,$3.02/hr
641318,$2.1/hr
641320,$2.46/hr
641322,$3.97/hr
641324,$4.49/hr
641326,$2.53/hr
641328,$3.18/hr
641330,$3.3/hr
642010,$4.99/hr
642012,$4.02/hr
642014,$3.14/hr
642102,$4.63/hr
642104,$2.75/hr
642106,$3.84/hr
642108,$2.95/hr
642110,$4.22/hr
642112,$4.26/hr
642114,$3.66/hr
642116,$3.51/hr
642202,$4.58/hr
642204,$4.34/hr
642206,$2.98/hr
642208,$2.86/hr
642210,$3.37/hr
642212,$3.25/hr
642214,$4.17/hr
642216,$3.11/hr
642218,$4.01/hr
642304,$2.72/hr
642306,$2.56/hr
642308,$2.64/hr
642310,$3.51/hr
642311,$4.66/hr
642313,$4.77/hr
642315,$4.86/hr
642317,$4.98/hr
642319,$2.34/hr
642401,$3.73/hr
642403,$3.65/hr
642405,$2.04/hr
642514,$3.26/hr
642516,$2.19/hr
650517,$2.18/hr
650535,$2.3/hr
650606,$2.97/hr
650607,$2.95/hr
650621,$3.85/hr
650701,$2.38/hr
650702,$4.37/hr
650703,$3.69/hr
650704,$3.35/hr
650705,$3.69/hr
650706,$3.41/hr
650707,$3.97/hr
650708,$4.6/hr
650710,$3.1/hr
650712,$2.72/hr
650714,$2.27/hr
650716,$4.22/hr
650717,$3.27/hr
650718,$4.69/hr
650723,$2.66/hr
650724,$3.2/hr
650725,$3.03/hr
650727,$3.57/hr
650796,$3.75/hr
650801,$3.03/hr
650803,$4.91/hr
650805,$4.47/hr
650807,$2.62/hr
650809,$3.67/hr
650816,$2.52/hr
650906,$2.57/hr
650911,$3.27/hr
650913,$3.67/hr
650919,$3.54/hr
650997,$4.69/hr
651005,$4.83/hr
651027,$2.07/hr
651028,$2.85/hr
651097,$3.07/hr
651112,$4.77/hr
651121,$3.66/hr
651128,$4.97/hr
651134,$2.86/hr
651136,$3.4/hr
651205,$3.44/hr
651208,$4.99/hr
651209,$3.64/hr
660309,$4.21/hr
660506,$2.14/hr
660609,$2.07/hr
660614,$4.94/hr
660706,$4.46/hr
660715,$2.52/hr
660718,$3.19/hr
660721,$3.39/hr
670613,$2.39/hr
670725,$2.76/hr
671120,$4.65/hr
680727,$3.97/hr
680917,$3.9/hr
681205,$2.6/hr
690507,$2.3/hr
690508,$4.67/hr
690725,$2.49/hr
691215,$2.41/hr
6C0907,$2.58/hr
6C0918,$3.69/hr
6C0919,$2.72/hr
6C1004,$3.51/hr
6C1106,$4.41/hr
6C1113,$3.51/hr
6C1122,$2.34/hr
6C1210,$2.15/hr
6C1217,$4.72/hr
6C1305,$3.17/hr
6C1306,$2.69/hr
6C1317,$4.92/hr
6C1318,$2.54/hr
6C1404,$4.95/hr
6C1411,$3.11/hr
6C1504,$4.73/hr
6C1509,$3.29/hr
6C1516,$3.26/hr
6C1604,$4.46/hr
6C1714,$4.5/hr
6C1801,$4.12/hr
6C1808,$2.12/hr
6C1902,$2.22/hr
6C1906,$2.74/hr
6C1913,$2.04/hr
6C2001,$3/hr
6C2015,$3.86/hr
6C2016,$2.29/hr
6C2105,$3.9/hr
6C2106,$4.62/hr
6C2114,$3.41/hr
6C2115,$4.18/hr
6C2204,$2.68/hr
6C2207,$4.87/hr
6C2217,$2.32/hr
6C2220,$3.96/hr
6C2306,$4.83/hr
6C2513,$4.29/hr
6C2607,$4.95/hr
6C2608,$3.89/hr
6C2619,$2.6/hr
6C2711,$2.32/hr
6J5603,$4.8/hr
6M2002,$3.06/hr
6M2004,$4.89/hr
6M2415,$4.28/hr
6M2417,$4.72/hr
6M2418,$2.76/hr
6M2419,$3.64/hr
6M2420,$4.93/hr
6M2421,$2.72/hr
6M2496,$2.82/hr
700510,$3.91/hr
700803,$3.13/hr
711117,$4.9/hr
720505,$4.09/hr
720508,$3.77/hr
720811,$4.59/hr
720823,$3.65/hr
720907,$2.45/hr
721025,$2.33/hr
721119,$2.29/hr
740701,$2.44/hr
740717,$3.36/hr
741821,$4.45/hr
741908,$4.2/hr
741913,$2.63/hr
742010,$4.56/hr
742011,$3.9/hr
742107,$3.82/hr
742112,$2.39/hr
742208,$4.51/hr
742209,$4.35/hr
742306,$3.26/hr
742307,$4.21/hr
742312,$3.3/hr
742398,$4.88/hr
742403,$3.47/hr
742410,$3.73/hr
742501,$3.25/hr
742503,$3.06/hr
742505,$3.55/hr
751607,$3.58/hr
751635,$2.26/hr
751703,$4.53/hr
751718,$4.89/hr
751804,$2.85/hr
751805,$3.57/hr
751906,$4.31/hr
751917,$2.84/hr
752005,$2.27/hr
752112,$3.82/hr
752117,$4.31/hr
752213,$2.08/hr
752214,$4.49/hr
752216,$2.2/hr
752218,$4.52/hr
752309,$5/hr
752316,$3.44/hr
752318,$3.21/hr
752410,$3.72/hr
752411,$3.99/hr
752502,$3.77/hr
752503,$4.9/hr
752504,$2.2/hr
752505,$3.27/hr
752507,$4.75/hr
752509,$2.93/hr
761608,$4.42/hr
761609,$2.29/hr
761619,$2.22/hr
761703,$2.21/hr
761704,$2.41/hr
761803,$3.39/hr
761804,$4.73/hr
761897,$2.46/hr
761909,$2.14/hr
761910,$4.33/hr
762007,$4.22/hr
762012,$3.11/hr
762108,$3.9/hr
762109,$2.17/hr
762208,$3.15/hr
762213,$4.24/hr
762309,$3.76/hr
762312,$4.08/hr
762408,$4.11/hr
762410,$3.3/hr
762411,$2.17/hr
762412,$4.96/hr
762498,$4.3/hr
762501,$4.59/hr
762503,$2.07/hr
762505,$3.56/hr
762507,$3.6/hr
772513,$2.32/hr
772515,$4.79/hr
772516,$2.98/hr
772517,$4.54/hr
772518,$2.78/hr
772520,$4.28/hr
772522,$2.05/hr
772598,$4.4/hr
772601,$4.85/hr
772602,$3.05/hr
772603,$4.71/hr
772604,$3.38/hr
772605,$3.79/hr
772606,$3.79/hr
772607,$2.58/hr
772608,$2.55/hr
772609,$3/hr
772611,$2.35/hr
772613,$3.77/hr
772614,$3.77/hr
772615,$2.55/hr
772616,$2.44/hr
772617,$2.55/hr
772618,$3.44/hr
772619,$4.52/hr
772620,$4.31/hr
772621,$2.96/hr
772622,$2.89/hr
772701,$3.58/hr
772702,$4.23/hr
772703,$2.42/hr
772704,$3.38/hr
772705,$4.66/hr
772706,$2.16/hr
772707,$3.82/hr
772708,$4.63/hr
772709,$3.66/hr
772710,$2.45/hr
772711,$2.23/hr
772713,$4.82/hr
772715,$3.42/hr
772717,$3.64/hr
772719,$2.93/hr
772721,$4.72/hr
774221,$3.8/hr
781904,$2.86/hr
781913,$3.9/hr
782009,$2.92/hr
782014,$3.9/hr
782117,$2.75/hr
782218,$3.04/hr
782303,$4.94/hr
782314,$4.57/hr
782315,$3.04/hr
782398,$2.51/hr
782406,$4.41/hr
782411,$3.55/hr
782501,$2.49/hr
782502,$2.8/hr
782503,$4.53/hr
782504,$3.27/hr
782505,$3.75/hr
782506,$3.94/hr
782507,$3.46/hr
782508,$3.46/hr
792005,$4.91/hr
792110,$3.19/hr
792208,$2.22/hr
792308,$2.53/hr
792398,$3.99/hr
792601,$4.35/hr
792603,$4.8/hr
792605,$2.95/hr
792607,$4.35/hr
792609,$4.91/hr
792611,$3.49/hr
792613,$3.74/hr
792615,$3.2/hr
792617,$2.77/hr
792619,$2.28/hr
792621,$4.08/hr
792623,$2.57/hr
792625,$4.62/hr
792701,$4.36/hr
792703,$2.94/hr
792705,$2.62/hr
792707,$2.3/hr
7C1702,$4.65/hr
7M2501,$2.33/hr
7M2502,$4.71/hr
7M2503,$2.56/hr
7M2504,$2.66/hr
7M2505,$3.62/hr
7M2506,$2.12/hr
7M2507,$3.76/hr
7M2508,$4.42/hr
802301,$2.8/hr
802302,$4.78/hr
802303,$4.48/hr
802304,$3.05/hr
802305,$2.82/hr
802306,$2.96/hr
802307,$4.32/hr
802308,$4.74/hr
802310,$2.71/hr
802313,$3.35/hr
802314,$3.63/hr
802315,$3.11/hr
802316,$2.65/hr
802317,$4.92/hr
802319,$2.65/hr
802401,$2.48/hr
802402,$2.47/hr
802403,$2.88/hr
802404,$2.02/hr
802405,$2.46/hr
802406,$4.22/hr
802407,$2.71/hr
802408,$4.9/hr
802409,$2.38/hr
802410,$4.18/hr
802412,$2.76/hr
802416,$2.28/hr
802418,$4.13/hr
802420,$2.78/hr
802501,$2.51/hr
802503,$2.22/hr
802505,$4.56/hr
802609,$2.17/hr
802611,$4.14/hr
802613,$3.21/hr
802615,$4.63/hr
802617,$2.5/hr
802619,$2.6/hr
802621,$3.52/hr
812310,$4.79/hr
812312,$2.38/hr
812314,$4.55/hr
812402,$4.62/hr
812404,$4.43/hr
812406,$3.3/hr
812408,$4.2/hr
812412,$3.12/hr
812414,$3.97/hr
812416,$2.52/hr
812418,$4.68/hr
812502,$4.83/hr
812504,$2.12/hr
812506,$3.11/hr
812512,$4.17/hr
812514,$3.53/hr
812516,$3.16/hr
812518,$3.19/hr
812602,$4.46/hr
812604,$4.73/hr
812606,$2.26/hr
812608,$4.14/hr
812614,$2.89/hr
812616,$3.03/hr
812618,$4.5/hr
812620,$2.42/hr
812704,$2.58/hr
812706,$3.66/hr
812708,$2.54/hr
812710,$2.74/hr
822401,$4.08/hr
822402,$4.16/hr
822404,$3.56/hr
822406,$3.31/hr
822408,$3.88/hr
822409,$4.46/hr
822411,$2.68/hr
822413,$4/hr
822414,$3.98/hr
822415,$2.88/hr
822417,$3.46/hr
822420,$3.69/hr
822511,$3.04/hr
822513,$2.14/hr
822515,$2.56/hr
822517,$4.39/hr
824305,$3.27/hr
832401,$4.19/hr
832402,$3.15/hr
832403,$4.17/hr
832404,$3.39/hr
832414,$2.43/hr
832415,$3/hr
832416,$2.71/hr
832418,$2.56/hr
832420,$2.68/hr
832501,$3.7/hr
832502,$2.47/hr
832503,$2.26/hr
832504,$4.87/hr
832505,$3.57/hr
832507,$4.25/hr
832509,$2.54/hr
832604,$3.93/hr
832606,$4.05/hr
832614,$3.43/hr
832630,$3.04/hr
832720,$2.88/hr
832801,$3.28/hr
832802,$2.78/hr
832803,$2.07/hr
832804,$2.98/hr
832805,$3.69/hr
832806,$4.51/hr
832808,$3.5/hr
832810,$4.94/hr
832812,$3.23/hr
832814,$2.32/hr
842308,$2.89/hr
842310,$2.51/hr
842312,$4.88/hr
842612,$2.88/hr
842614,$3.76/hr
842616,$2.15/hr
842618,$3.47/hr
842620,$2.9/hr
842622,$2.11/hr
852310,$2.82/hr
852312,$2.79/hr
852314,$3.47/hr
852401,$4.01/hr
852403,$4.62/hr
852405,$3.06/hr
852407,$2.46/hr
852413,$4.11/hr
852414,$2.18/hr
852415,$2.55/hr
852416,$4.21/hr
852417,$2.41/hr
852418,$3.41/hr
852419,$4.81/hr
852420,$2.83/hr
852502,$3.7/hr
852504,$2.02/hr
852506,$3.02/hr
852508,$4.04/hr
862409,$3.15/hr
862410,$4.6/hr
862411,$2.58/hr
862412,$3.09/hr
862413,$2.71/hr
862414,$2.3/hr
862415,$4.35/hr
862416,$3.86/hr
862502,$4.22/hr
862504,$4.56/hr
862506,$2.12/hr
862508,$3.91/hr
862597,$2.19/hr
872409,$3.21/hr
872410,$4.49/hr
872411,$4.83/hr
872412,$2.68/hr
872413,$2.89/hr
872415,$4.4/hr
872417,$2.36/hr
872501,$2.57/hr
872502,$3.78/hr
872503,$3.19/hr
872504,$2.59/hr
872505,$4.4/hr
891808,$3.22/hr
891901,$3.93/hr
891903,$4.95/hr
891905,$4.98/hr
891907,$2.06/hr
892202,$2.33/hr
892204,$3.49/hr
892206,$2.46/hr
892208,$2.84/hr
892210,$4.82/hr
892402,$4.55/hr
892404,$3.33/hr
892406,$3.97/hr
892408,$4.85/hr
892410,$4.37/hr
892412,$2.28/hr
892414,$2.28/hr
892416,$2.56/hr
892418,$3.97/hr
892420,$4.15/hr
892422,$3.84/hr
892511,$4.77/hr
892513,$4.31/hr
892515,$2.24/hr
892517,$2.26/hr
892519,$2.59/hr
8M2414,$4.16/hr
8M2416,$2.03/hr
8M2417,$4.68/hr
8M2418,$3.32/hr
8M2419,$3.56/hr
8M2421,$2.83/hr
8M2501,$4.49/hr
8M2502,$2.94/hr
8M2503,$2.22/hr
8M2504,$3.27/hr
8M2506,$4.71/hr
901709,$2.75/hr
901711,$3.63/hr
901713,$4.89/hr
901715,$2.57/hr
901801,$2.15/hr
901803,$4.06/hr
901805,$2.86/hr
901807,$3.12/hr
901811,$2.03/hr
901813,$4.8/hr
901815,$3.89/hr
901901,$3.04/hr
901903,$4.52/hr
901905,$2.49/hr
901907,$2.9/hr
901912,$2.02/hr
901913,$2.4/hr
901914,$3.93/hr
901915,$4.44/hr
901916,$2.42/hr
901917,$2.79/hr
901918,$4.67/hr
901919,$3.98/hr
902005,$3.88/hr
902007,$2.46/hr
902009,$4.66/hr
902011,$4.94/hr
902102,$2.72/hr
902104,$2.79/hr
902201,$3.79/hr
902203,$2.58/hr
902205,$2.51/hr
902207,$2.8/hr
902209,$4.48/hr
902214,$3.01/hr
902216,$2.59/hr
902218,$4.93/hr
902220,$2.87/hr
902401,$3.56/hr
902402,$4.21/hr
902403,$2.35/hr
902404,$3.13/hr
902405,$3.62/hr
902406,$3.68/hr
902407,$2.56/hr
902408,$2.77/hr
902409,$4.17/hr
902410,$4.52/hr
902411,$2.11/hr
902412,$3.98/hr
902413,$2.58/hr
902415,$4.97/hr
902501,$3.11/hr
902502,$4.62/hr
902503,$2.78/hr
902504,$4.05/hr
902505,$3.9/hr
902506,$2.35/hr
902507,$4.04/hr
902508,$2.16/hr
902510,$2.69/hr
911010,$4.96/hr
911112,$2.75/hr
911117,$2.86/hr
911210,$4.07/hr
911215,$3.73/hr
912411,$4.48/hr
912412,$3.19/hr
912413,$3.5/hr
912414,$2.92/hr
912415,$2.11/hr
912417,$2.77/hr
912503,$2.55/hr
912506,$2.41/hr
912508,$2.43/hr
921111,$2.91/hr
921134,$2.24/hr
921207,$3.47/hr
921914,$2.65/hr
921916,$3.85/hr
921918,$3.27/hr
921919,$2.83/hr
921920,$2.32/hr
921998,$4.11/hr
922001,$2.6/hr
922002,$4.68/hr
922003,$4.57/hr
922004,$3.84/hr
922006,$3.49/hr
922008,$3.91/hr
922413,$4.09/hr
922414,$3.72/hr
922415,$4.34/hr
922416,$2.53/hr
922417,$3.64/hr
922418,$2.61/hr
922420,$3.11/hr
922501,$2.73/hr
922502,$2.31/hr
922503,$4.38/hr
922504,$3.96/hr
922505,$4.68/hr
922506,$3.5/hr
922507,$4.48/hr
922508,$3.91/hr
922509,$4.08/hr
922510,$3.69/hr
935321,$4.21/hr
935407,$4.97/hr
935421,$4.24/hr
935515,$4.29/hr
935605,$3.74/hr
935715,$3.81/hr
941610,$2.86/hr
951609,$3.84/hr
951909,$2.61/hr
951911,$2.56/hr
951913,$2.96/hr
951914,$2.13/hr
951915,$2.77/hr
951916,$2.44/hr
952001,$4.91/hr
952002,$3.22/hr
952003,$2.36/hr
952004,$3.17/hr
952005,$3.75/hr
952009,$4.24/hr
952011,$4.96/hr
952013,$4.07/hr
952015,$3.47/hr
952414,$3.14/hr
952416,$3.31/hr
952417,$2.11/hr
952418,$4.62/hr
952419,$2.78/hr
952501,$4.02/hr
952503,$3.78/hr
952505,$4.82/hr
952507,$4.78/hr
952509,$4.42/hr
954110,$2.78/hr
954212,$4.63/hr
955618,$3.81/hr
955623,$3.18/hr
955704,$2.47/hr
961901,$3.79/hr
961903,$3.54/hr
961905,$4.35/hr
961907,$3.12/hr
961909,$3.54/hr
961911,$3.33/hr
961913,$4.03/hr
961998,$2.18/hr
962001,$2.8/hr
962003,$2.47/hr
962004,$4.95/hr
962006,$3.32/hr
962008,$2.76/hr
962097,$4.83/hr
962501,$4.86/hr
962502,$4.81/hr
962504,$4.47/hr
962506,$2.91/hr
962508,$2.14/hr
971913,$2.99/hr
971914,$3.53/hr
971915,$3.67/hr
971916,$2.76/hr
971917,$3.77/hr
971918,$2.59/hr
971919,$2.64/hr
971920,$3.41/hr
972001,$4.15/hr
972003,$2.52/hr
972004,$4.14/hr
972005,$2.14/hr
972006,$2.28/hr
972007,$2.99/hr
981813,$3.09/hr
990002,$4.48/hr
990004,$2.15/hr
990014,$4.29/hr
990016,$4.02/hr
990018,$2.21/hr
990020,$3.01/hr
990110,$3.43/hr
990112,$3.12/hr
990114,$3.29/hr
990116,$2.1/hr
990118,$4.63/hr
990120,$2.86/hr
993211,$4.39/hr
993319,$2.39/hr
993320,$2.79/hr
993335,$4.76/hr
993376,$4.42/hr
993377,$2.84/hr
993385,$4.95/hr
9A1503,$2.22/hr
9A1597,$3.26/hr
9A2417,$4.65/hr
9A2418,$2.45/hr
9A2419,$2.3/hr
9A2420,$2.14/hr
9B2416,$4.81/hr
9B2417,$3.64/hr
9B2418,$4.75/hr
9B2419,$4.85/hr
9B2420,$4.99/hr
9M2412,$2.42/hr
9M2413,$4.11/hr
9M2414,$2.31/hr
9M2415,$3.21/hr
9M2416,$4.11/hr
9M2417,$2.92/hr
9M2418,$3.28/hr
9M2502,$2.64/hr
9M2504,$4.37/hr
9M2505,$2.93/hr
9M2507,$2.53/hr
A10020,$4.86/hr
A10111,$2.72/hr
A10114,$3.03/hr
A10523,$4.99/hr
A10527,$4.84/hr
A10599,$4.25/hr
A20011,$4.71/hr
A20013,$2.79/hr
A20014,$3.83/hr
A20015,$2.77/hr
A20114,$3.38/hr
A20225,$3.58/hr
A20227,$2.76/hr
A20233,$4.05/hr
A20235,$3.99/hr
A20237,$2.81/hr
A20239,$3.05/hr
A20241,$4.83/hr
A20243,$4/hr
A30018,$3.52/hr
A30019,$3.58/hr
A30116,$2.36/hr
A30117,$2.06/hr
A30134,$4.22/hr
A30135,$3.91/hr
A40012,$4.89/hr
A40013,$4.74/hr
A40033,$4.04/hr
A40036,$3.95/hr
A40114,$2.63/hr
A40115,$2.3/hr
A40136,$4.61/hr
A40137,$2.14/hr
A40202,$3.87/hr
A40204,$4.93/hr
A40206,$2.06/hr
A40208,$2.51/hr
A50014,$4.37/hr
A50017,$3.3/hr
A50116,$4.4/hr
A50119,$4.09/hr
A50199,$2.25/hr
A50202,$2.97/hr
A50204,$3.12/hr
A50213,$4.7/hr
A50215,$3.14/hr
A50217,$2.58/hr
A50219,$4.49/hr
A60003,$3.71/hr
A60017,$3.07/hr
A60018,$2.23/hr
A60111,$2.92/hr
A60122,$2.91/hr
A60213,$3.8/hr
A60215,$2.26/hr
A61130,$3.9/hr
A61131,$4.73/hr
A70007,$3.96/hr
A70021,$3.62/hr
A70202,$4.21/hr
A70204,$2.2/hr
A70206,$2.37/hr
A70208,$3.26/hr
A80002,$4.16/hr
A80017,$3.02/hr
A80018,$3.64/hr
A80105,$4.15/hr
A80107,$4.82/hr
A80109,$3.65/hr
A80111,$4.78/hr
A80113,$4.97/hr
A80115,$2.5/hr
A80117,$4.58/hr
A80119,$4.4/hr
A80121,$3.28/hr
A80123,$4.18/hr
A80124,$3.08/hr
A80125,$3.85/hr
A80196,$2.02/hr
AW0005,$2.53/hr
AW0014,$4.58/hr
AW0025,$4.33/hr
AW0027,$2.91/hr
AW0097,$2.58/hr
AW0114,$2.14/hr
AW0138,$3.96/hr
AW0151,$2.39/hr
B10104,$4.06/hr
B10148,$2.14/hr
B11610,$2.53/hr
B11622,$4.22/hr
B11812,$2.5/hr
B11817,$3.84/hr
B11830,$3.68/hr
B11833,$4.92/hr
B11842,$2.54/hr
B20008,$4.94/hr
B20015,$3.09/hr
B20108,$4.64/hr
B20121,$2.94/hr
B20139,$4.76/hr
B20144,$4/hr
B20205,$3.69/hr
B20218,$4.46/hr
B20220,$3.25/hr
B20226,$3.84/hr
B20228,$4.47/hr
B20241,$2.81/hr
B20310,$4.66/hr
B20319,$3.85/hr
B20324,$3.27/hr
B20412,$2.81/hr
B21525,$2.22/hr
B21527,$3.7/hr
B21529,$3.84/hr
B21531,$3.07/hr
B21533,$4.85/hr
B21534,$4.05/hr
B21599,$3.69/hr
B21614,$4.32/hr
B21628,$2.52/hr
B21714,$3.64/hr
B21728,$2.64/hr
B21805,$3.28/hr
B30006,$3.46/hr
B30007,$2.48/hr
B30020,$3.01/hr
B30021,$2.59/hr
B30115,$4.95/hr
B30116,$2.99/hr
B30141,$4.07/hr
B30142,$3.4/hr
B30214,$2.77/hr
B31513,$4.68/hr
B31522,$4.07/hr
B31602,$4.3/hr
B31604,$4.28/hr
B31606,$3.52/hr
B31608,$2.76/hr
B31610,$4.22/hr
B31612,$4.82/hr
B31614,$3.46/hr
B31616,$3.83/hr
B31618,$3.79/hr
B31620,$2.44/hr
B31622,$4.83/hr
B31624,$2.83/hr
B31626,$3.66/hr
B31628,$4.82/hr
B31630,$2.12/hr
B31632,$3.14/hr
B31634,$4.35/hr
B31636,$4.34/hr
B31638,$3.63/hr
B31640,$3.12/hr
B31642,$2.7/hr
B31704,$2.16/hr
B31706,$3.68/hr
B31708,$3.94/hr
B31710,$3.63/hr
B31712,$4.36/hr
B31714,$2.89/hr
B31718,$2.4/hr
B31720,$4.29/hr
B31722,$3.28/hr
B31724,$4.52/hr
B31726,$4.75/hr
B31728,$2.18/hr
B31730,$3.67/hr
B31732,$3.79/hr
B31734,$2.96/hr
B31736,$4.44/hr
B31796,$2.3/hr
B31805,$2.19/hr
B31807,$2.04/hr
B31809,$4.66/hr
B40017,$3.15/hr
B40018,$2.77/hr
B40032,$2.39/hr
B40035,$4.63/hr
B40105,$2/hr
B40106,$3.11/hr
B40137,$4.55/hr
B40138,$2.43/hr
B40215,$2.51/hr
B40216,$3.25/hr
B40311,$3.71/hr
B40320,$3.8/hr
B40336,$2.89/hr
B41509,$4.04/hr
B41511,$3.52/hr
B41513,$3.49/hr
B41597,$4.89/hr
B41602,$2.98/hr
B41604,$4.22/hr
B41606,$4.18/hr
B41608,$3.22/hr
B41610,$4.58/hr
B41612,$2.25/hr
B41614,$4.48/hr
B41616,$4.67/hr
B41618,$4.92/hr
B41620,$2.59/hr
B41622,$2.18/hr
B41624,$4.12/hr
B41626,$3.08/hr
B41628,$4.05/hr
B41630,$3/hr
B41632,$3.86/hr
B41634,$2.31/hr
B41636,$3.95/hr
B41638,$4.82/hr
B41640,$4.24/hr
B41642,$4.75/hr
B41644,$3.02/hr
B41701,$4.86/hr
B41703,$4.25/hr
B41705,$4.65/hr
B41706,$2.49/hr
B41707,$2.51/hr
B41708,$3.1/hr
B41709,$2.97/hr
B41710,$3.53/hr
B41711,$3.77/hr
B41712,$3.24/hr
B41713,$2.87/hr
B41714,$2.66/hr
B41715,$2.68/hr
B41716,$3.42/hr
B41717,$4.07/hr
B41718,$2.1/hr
B41719,$2.27/hr
B41720,$3.05/hr
B41721,$3.45/hr
B41722,$3.09/hr
B41723,$3.11/hr
B41724,$4.27/hr
B41725,$4.02/hr
B41726,$2.28/hr
B41727,$3.36/hr
B41728,$4.93/hr
B41729,$3.59/hr
B41730,$4.16/hr
B41731,$2.03/hr
B41732,$4.67/hr
B41733,$3.25/hr
B41735,$3.26/hr
B41737,$4.53/hr
B41797,$4.89/hr
B41806,$2.83/hr
B41808,$3.51/hr
B41809,$4.07/hr
B41810,$4.79/hr
B41811,$3.74/hr
B41812,$2.34/hr
B41813,$4.46/hr
B41814,$4.28/hr
B41815,$3.03/hr
B41816,$3.32/hr
B41817,$2.52/hr
B41818,$3.62/hr
B41819,$2.55/hr
B41820,$2.89/hr
B41821,$4.79/hr
B41822,$4.28/hr
B41823,$2.04/hr
B41824,$4.35/hr
B41825,$4.65/hr
B41826,$2.18/hr
B41827,$3.96/hr
B41828,$2.28/hr
B41829,$3.5/hr
B41830,$2.65/hr
B41831,$3.76/hr
B41832,$2.86/hr
B41833,$4.02/hr
B41834,$3.53/hr
B41901,$3.6/hr
B41903,$2.4/hr
B41905,$2.18/hr
B41906,$4.72/hr
B41907,$3.07/hr
B41908,$2.16/hr
B41909,$2.61/hr
B41910,$4.55/hr
B41911,$3.94/hr
B41912,$4.04/hr
B41913,$3.37/hr
B41914,$2.74/hr
B41915,$4.57/hr
B41916,$3.66/hr
B41917,$2.6/hr
B41918,$3/hr
B41919,$2.19/hr
B41920,$2.98/hr
B41921,$3.31/hr
B41922,$2.63/hr
B41923,$4.21/hr
B41924,$2.14/hr
B41925,$2.09/hr
B41926,$2.04/hr
B41927,$4.92/hr
B41928,$4.46/hr
B41929,$2.57/hr
B41930,$3.48/hr
B41931,$4.66/hr
B41932,$4.88/hr
B41933,$2.42/hr
B41934,$4.45/hr
B41937,$3.99/hr
B41939,$4.59/hr
B41941,$3.01/hr
B41997,$2.25/hr
B42002,$3.21/hr
B42006,$4.31/hr
B42008,$3.93/hr
B42010,$4.73/hr
B42012,$3.86/hr
B42013,$3.12/hr
B42014,$2.01/hr
B42015,$4.68/hr
B42016,$3.36/hr
B42017,$3.79/hr
B42018,$3.86/hr
B42019,$2.94/hr
B42020,$4.13/hr
B42021,$3.82/hr
B42022,$4.72/hr
B42023,$4.14/hr
B42024,$4.53/hr
B42025,$2.23/hr
B42026,$4.55/hr
B42027,$2.05/hr
B42028,$3.61/hr
B42029,$3.9/hr
B42030,$3.69/hr
B42031,$4.73/hr
B42032,$4.6/hr
B42033,$3.81/hr
B42034,$3.26/hr
B42035,$2.84/hr
B42036,$2.42/hr
B42037,$4.59/hr
B42038,$4.68/hr
B42039,$4.65/hr
B42040,$4.22/hr
B42041,$2.14/hr
B42043,$2.03/hr
B42104,$4.74/hr
B42105,$3.61/hr
B42106,$4.81/hr
B42107,$2.25/hr
B42108,$3.8/hr
B42109,$4.26/hr
B42110,$4.9/hr
B42111,$3.7/hr
B42112,$4.83/hr
B42113,$2.03/hr
B42114,$2.66/hr
B42115,$2.2/hr
B42116,$4.03/hr
B42117,$2.57/hr
B42118,$4.74/hr
B42119,$4.98/hr
B42120,$2.71/hr
B42121,$2.6/hr
B42122,$2.86/hr
B42123,$4.49/hr
B42124,$2.86/hr
B42125,$4.85/hr
B42126,$4.68/hr
B42127,$3.84/hr
B42128,$3.15/hr
B42129,$2.23/hr
B42130,$2.69/hr
B42131,$4.79/hr
B42132,$4.87/hr
B42133,$4.99/hr
B42135,$2.34/hr
B42137,$3.73/hr
B42139,$3.61/hr
B42141,$4.88/hr
B42204,$2.56/hr
B42206,$2.16/hr
B42208,$4.12/hr
B42210,$3.12/hr
B42212,$4.26/hr
B42213,$3.92/hr
B42214,$4.81/hr
B42215,$4.32/hr
B42216,$2.15/hr
B42217,$4.81/hr
B42218,$3.59/hr
B42219,$4.54/hr
B42220,$3.92/hr
B42221,$3.97/hr
B42222,$3.11/hr
B42223,$4.62/hr
B42224,$2.79/hr
B42225,$4.1/hr
B42226,$4.11/hr
B42227,$3.25/hr
B42228,$4.93/hr
B42229,$3.88/hr
B42230,$2.64/hr
B42231,$2.55/hr
B42232,$2.84/hr
B42233,$4.53/hr
B42234,$3.12/hr
B42235,$3.04/hr
B42236,$3.82/hr
B42237,$4.98/hr
B42238,$2.43/hr
B42239,$4.2/hr
B42240,$2.74/hr
B42242,$2.07/hr
B42244,$3.16/hr
B42305,$4.59/hr
B42306,$2.48/hr
B42307,$2.6/hr
B42308,$3.59/hr
B42309,$2.15/hr
B42310,$3.97/hr
B42311,$2.42/hr
B42312,$4.16/hr
B42313,$2.56/hr
B42314,$4.31/hr
B42315,$2.89/hr
B42316,$2.52/hr
B42317,$4.92/hr
B42318,$3.03/hr
B42319,$4.4/hr
B42320,$4.9/hr
B42321,$3.29/hr
B42322,$2.77/hr
B42323,$4.98/hr
B42324,$2.59/hr
B42326,$2.02/hr
B42328,$3.31/hr
B42329,$2.51/hr
B42330,$3.63/hr
B42331,$2.6/hr
B42332,$3.14/hr
B42333,$2.86/hr
B42334,$2.91/hr
B42335,$3.94/hr
B42336,$3/hr
B42337,$4.17/hr
B42339,$3.87/hr
B42341,$4.8/hr
B42612,$4.43/hr
B42619,$2.72/hr
B42628,$4.3/hr
B42631,$2.35/hr
B42698,$2.85/hr
B42707,$2.19/hr
B42710,$3.41/hr
B42797,$2.5/hr
B42803,$3.24/hr
B42826,$3.72/hr
B42902,$3.88/hr
B42925,$3.26/hr
B50016,$2.62/hr
B50019,$4.35/hr
B50106,$2.88/hr
B50111,$2.37/hr
B50132,$4.18/hr
B50133,$2.8/hr
B50214,$2.47/hr
B50219,$4.93/hr
B50317,$3.25/hr
B50322,$2.46/hr
B50398,$3.55/hr
B50413,$2.37/hr
B50415,$2.2/hr
B51430,$4.9/hr
B51432,$3.87/hr
B51434,$2.68/hr
B51611,$2.8/hr
B51613,$3.93/hr
B51615,$3.26/hr
B51625,$2.5/hr
B51627,$3.73/hr
B51629,$3.13/hr
B51631,$2.49/hr
B51633,$4.05/hr
B51635,$4.78/hr
B51637,$3.77/hr
B51638,$2.49/hr
B51640,$2.16/hr
B51642,$4.33/hr
B51644,$4.17/hr
B51701,$2.84/hr
B51703,$2.7/hr
B51705,$2.97/hr
B51707,$4.74/hr
B51709,$3.82/hr
B51711,$2.88/hr
B51713,$3.93/hr
B51738,$3/hr
B51740,$4.21/hr
B51798,$4.04/hr
B51801,$2.57/hr
B51802,$4.75/hr
B51803,$2.02/hr
B51804,$2.85/hr
B51805,$3.19/hr
B51806,$2.41/hr
B51807,$3.48/hr
B51808,$2.15/hr
B51809,$4.34/hr
B51897,$4.23/hr
B60007,$3.14/hr
B60015,$4.01/hr
B60016,$2.64/hr
B60020,$2.18/hr
B60022,$3.95/hr
B60097,$2.23/hr
B60112,$3.3/hr
B60115,$4.8/hr
B60130,$3.09/hr
B60131,$2.07/hr
B60206,$2.09/hr
B60207,$2.25/hr
B60309,$2.95/hr
B60320,$3/hr
B60327,$4.16/hr
B60421,$3.81/hr
B60422,$4.57/hr
B61428,$3.43/hr
B61429,$4.42/hr
B61430,$3.82/hr
B61431,$3.84/hr
B61432,$2.73/hr
B61433,$3.15/hr
B61434,$2.55/hr
B61435,$4.3/hr
B61436,$2.84/hr
B61437,$2.31/hr
B61438,$4.02/hr
B61502,$2.17/hr
B61504,$2.8/hr
B61505,$2.5/hr
B61506,$2.07/hr
B61507,$3.87/hr
B61508,$2.15/hr
B61510,$3.12/hr
B61511,$4.15/hr
B61512,$3.41/hr
B61513,$2.6/hr
B61514,$3.77/hr
B61515,$3.06/hr
B61516,$4.98/hr
B61517,$4.74/hr
B61518,$3.74/hr
B61519,$2.48/hr
B61520,$2.17/hr
B61521,$4.41/hr
B61522,$4.55/hr
B61523,$4.52/hr
B61524,$3.96/hr
B61525,$4.24/hr
B61526,$4.31/hr
B61527,$3.83/hr
B61528,$4.22/hr
B61529,$4.6/hr
B61531,$2.33/hr
B61533,$4.85/hr
B61535,$3.28/hr
B61537,$2.86/hr
B61602,$2.43/hr
B61603,$4.57/hr
B61604,$4.59/hr
B61605,$4.22/hr
B61606,$2.32/hr
B61607,$2.95/hr
B61608,$2.79/hr
B61609,$3.12/hr
B61610,$2.2/hr
B61611,$2.65/hr
B61612,$4.65/hr
B61613,$4.3/hr
B61615,$2.53/hr
B61617,$3.77/hr
B61619,$3.26/hr
B61621,$3/hr
B61636,$3.21/hr
B61638,$2.07/hr
B61640,$4.72/hr
B61642,$3.36/hr
B61801,$3.66/hr
B61803,$3.2/hr
B61805,$3.03/hr
B61807,$3.57/hr
B61809,$3.73/hr
B61811,$2.93/hr
B61813,$4.49/hr
B61815,$2.64/hr
B70015,$3.74/hr
B70111,$2.78/hr
B70133,$3.66/hr
B70219,$4.97/hr
B70305,$2.87/hr
B70317,$3.44/hr
B70501,$3.58/hr
B70503,$2.59/hr
B70505,$3.23/hr
B70508,$3.36/hr
B70509,$2.13/hr
B70510,$4.55/hr
B70511,$2.37/hr
B70512,$2.2/hr
B70513,$4.88/hr
B70514,$3.79/hr
B70515,$2.33/hr
B70516,$4.29/hr
B70517,$3.44/hr
B70518,$2.35/hr
B70519,$2.43/hr
B70520,$3.11/hr
B70521,$3.25/hr
B70522,$4.92/hr
B70523,$3.84/hr
B70524,$2.46/hr
B70525,$4.78/hr
B70526,$2.5/hr
B70527,$2.18/hr
B70528,$4.38/hr
B70529,$4.37/hr
B70530,$3.71/hr
B70531,$3.45/hr
B70532,$4.1/hr
B70533,$2.15/hr
B70534,$2.46/hr
B70535,$3.83/hr
B70536,$3.77/hr
B70538,$2.36/hr
B70597,$4.52/hr
B70636,$4.49/hr
B70638,$3.88/hr
B70640,$3.95/hr
B70642,$3.12/hr
B70644,$4.74/hr
B71334,$3.33/hr
B71336,$3.46/hr
B71338,$2.28/hr
B71340,$2.03/hr
B71342,$4.33/hr
B71344,$4.53/hr
B71418,$4.68/hr
B71439,$4.79/hr
B71441,$4.92/hr
B71442,$2.22/hr
B71443,$3.35/hr
B71444,$2.09/hr
B71445,$4.39/hr
B71447,$4.67/hr
B71449,$2.21/hr
B71501,$4.03/hr
B71502,$2.51/hr
B71503,$4.47/hr
B71506,$3.8/hr
B71507,$3.59/hr
B71508,$4.56/hr
B71509,$4.05/hr
B71510,$4.54/hr
B71511,$2.54/hr
B71512,$3.11/hr
B71513,$2.93/hr
B71514,$3.31/hr
B71515,$2.77/hr
B71516,$4.91/hr
B71517,$2.26/hr
B71518,$3.56/hr
B71519,$3.02/hr
B71520,$2.4/hr
B71521,$3.97/hr
B71522,$4.62/hr
B71523,$3.21/hr
B71524,$3.18/hr
B71525,$4.29/hr
B71526,$3.9/hr
B71527,$4.64/hr
B71528,$3.49/hr
B71530,$4.55/hr
B71532,$4.28/hr
B71620,$2.72/hr
B71622,$4.78/hr
B71624,$4.72/hr
B71626,$4.25/hr
B71628,$2.11/hr
B71630,$4.81/hr
B71632,$3.73/hr
B71634,$2.19/hr
B71636,$3.78/hr
B71701,$4.32/hr
B71703,$2.28/hr
B71714,$2.44/hr
B71716,$3.36/hr
B71717,$4.46/hr
B71718,$4.24/hr
B71719,$2.8/hr
B71720,$2.29/hr
B71721,$4.06/hr
B71722,$2.42/hr
B71723,$3.92/hr
B71724,$4.33/hr
B71725,$4.92/hr
B71726,$3.57/hr
B71728,$4.13/hr
B71801,$4.91/hr
B71803,$4.16/hr
B71805,$4.07/hr
B71807,$2.88/hr
B71809,$3.17/hr
B71811,$2.21/hr
B71813,$2.53/hr
B80014,$4.03/hr
B80017,$4.55/hr
B80112,$2.68/hr
B80113,$3.75/hr
B80133,$2.72/hr
B80136,$3.32/hr
B80215,$3.46/hr
B80218,$2.33/hr
B80314,$2.27/hr
B80317,$2.35/hr
B80409,$2.96/hr
B80414,$2.73/hr
B80416,$2.79/hr
B80423,$3.77/hr
B80501,$2.48/hr
B80503,$2.07/hr
B80504,$3.9/hr
B80505,$2.31/hr
B80506,$3.86/hr
B80507,$4.34/hr
B80508,$2.15/hr
B80509,$4.74/hr
B80510,$3.23/hr
B80511,$2.93/hr
B80512,$2.98/hr
B80513,$4.09/hr
B80514,$3.5/hr
B80515,$3.23/hr
B80516,$3.66/hr
B80517,$3.6/hr
B80518,$2.03/hr
B80519,$3.33/hr
B80521,$2.56/hr
B80523,$3.83/hr
B80525,$3.46/hr
B80527,$3.81/hr
B80529,$3.66/hr
B80531,$4.86/hr
B80532,$2.34/hr
B80533,$4.1/hr
B80534,$2.47/hr
B80535,$4.07/hr
B80536,$4.94/hr
B80537,$4.5/hr
B80538,$2.67/hr
B80539,$3.85/hr
B80541,$3.24/hr
B80543,$2.64/hr
B80598,$4.47/hr
B80606,$3.42/hr
B80608,$4.73/hr
B80610,$2.36/hr
B80612,$4.6/hr
B80614,$4.95/hr
B80616,$2.95/hr
B80620,$3.91/hr
B80621,$2.68/hr
B80622,$2.65/hr
B80623,$3.25/hr
B80624,$3.27/hr
B80625,$4.62/hr
B80626,$2.3/hr
B80627,$4.64/hr
B80633,$2.27/hr
B80635,$4.46/hr
B80637,$4.48/hr
B80638,$4/hr
B80639,$4.57/hr
B80640,$2.86/hr
B80641,$4.6/hr
B80643,$3.39/hr
B80702,$4.18/hr
B80704,$2.73/hr
B80706,$2.11/hr
B80708,$3.36/hr
B80710,$2.47/hr
B80712,$3.26/hr
B80714,$3.91/hr
B80716,$4.78/hr
B80718,$4.15/hr
B80720,$4.4/hr
B80802,$4.56/hr
B80804,$4.59/hr
B80806,$4.28/hr
B80808,$2.61/hr
B80822,$4.23/hr
B80826,$2.31/hr
B80832,$2.88/hr
B80834,$2.47/hr
B80835,$4.72/hr
B80836,$2.18/hr
B80837,$3.73/hr
B80906,$4.1/hr
B80940,$4.33/hr
B80942,$4.33/hr
B80944,$3.67/hr
B80946,$3.37/hr
B80948,$3.85/hr
B81008,$4.14/hr
B81010,$4.15/hr
B81014,$3.3/hr
B81016,$2.09/hr
B81018,$4.52/hr
B81020,$2.33/hr
B81026,$2.08/hr
B81028,$4.43/hr
B81129,$4.91/hr
B81131,$3.26/hr
B81133,$2.56/hr
B81135,$4.05/hr
B81137,$4.53/hr
B81139,$2.53/hr
B81141,$3.03/hr
B81143,$2.59/hr
B81145,$4.86/hr
B81147,$2.54/hr
B81149,$2.09/hr
B81150,$3.85/hr
B81151,$4.99/hr
B81152,$2.38/hr
B81302,$3.94/hr
B81304,$4.57/hr
B81306,$3.02/hr
B81308,$2.39/hr
B81310,$3.89/hr
B81314,$4.29/hr
B81316,$4.79/hr
B81318,$3.07/hr
B81341,$4.98/hr
B81343,$4.68/hr
B81401,$3.45/hr
B81403,$4.23/hr
B81404,$2.78/hr
B81405,$2.22/hr
B81406,$3.75/hr
B81407,$4.1/hr
B81410,$4.24/hr
B81412,$3.9/hr
B81414,$4.76/hr
B81416,$4.13/hr
B81418,$4.38/hr
B81420,$4.48/hr
B81422,$4.29/hr
B81424,$2.98/hr
B81426,$3.04/hr
B81427,$4.27/hr
B81428,$4.22/hr
B81430,$3.31/hr
B81432,$4.87/hr
B81497,$3.41/hr
B81501,$3.45/hr
B81502,$2.01/hr
B81503,$3.7/hr
B81504,$4.49/hr
B81505,$3.35/hr
B81506,$4.29/hr
B81507,$3.4/hr
B81508,$2.13/hr
B81510,$4.44/hr
B81511,$4.81/hr
B81512,$2.74/hr
B81513,$3.25/hr
B81514,$3.04/hr
B81515,$3.45/hr
B81516,$3.11/hr
B81517,$3.23/hr
B81518,$4.79/hr
B81519,$3.28/hr
B81520,$3.01/hr
B81521,$3.23/hr
B81522,$2.12/hr
B81523,$4.92/hr
B81524,$4.21/hr
B81525,$4.32/hr
B81527,$3.96/hr
B81529,$4.83/hr
B81531,$4.27/hr
B81533,$4.85/hr
B81535,$3.44/hr
B81602,$3.64/hr
B81604,$2.91/hr
B81606,$4.61/hr
B81608,$3.31/hr
B81610,$3.72/hr
B81612,$3.68/hr
B81614,$2.23/hr
B81616,$4.12/hr
B81620,$2.91/hr
B81622,$3.19/hr
B81624,$2.21/hr
B81701,$2.5/hr
B81702,$3.87/hr
B81703,$3.83/hr
B81704,$2.55/hr
B81705,$2.25/hr
B81706,$4.61/hr
B81707,$2.28/hr
B81708,$4.59/hr
B81709,$2.12/hr
B81710,$3.82/hr
B81711,$4.76/hr
B81712,$4.32/hr
B81713,$2.3/hr
B81715,$2.57/hr
B81716,$3.94/hr
B81717,$4/hr
B81718,$3.18/hr
B81719,$4.89/hr
B81720,$3.91/hr
B81721,$2.87/hr
B81722,$3.62/hr
B81723,$4.52/hr
B81724,$3.71/hr
B81725,$2.99/hr
B81726,$4.82/hr
B81727,$4.15/hr
B81728,$4.29/hr
B81729,$3.98/hr
B81730,$2.03/hr
B81732,$2.21/hr
B81734,$2.95/hr
B81736,$3.12/hr
B81802,$4.75/hr
B81804,$3.42/hr
C00101,$3.82/hr
C00103,$3.83/hr
C00105,$2.72/hr
C00107,$3.09/hr
C00109,$2.29/hr
C00111,$3.17/hr
C00113,$4/hr
C00115,$2.48/hr
C00117,$4.41/hr
C10122,$3.62/hr
C10124,$2.87/hr
C10126,$4.5/hr
C11706,$2.89/hr
C30128,$4.93/hr
C30138,$4.98/hr
C40137,$2.11/hr
C50205,$2.6/hr
C70204,$4.69/hr
C70206,$4.63/hr
C80134,$4.11/hr
C80136,$4.63/hr
C80206,$2.84/hr
C80208,$4.32/hr
C80209,$2.09/hr
C90127,$4.46/hr
C90129,$2.06/hr
C90130,$3.91/hr
C90131,$2.38/hr
C90132,$4.17/hr
C90203,$2.7/hr
C90206,$2/hr
C90208,$2.9/hr
C90210,$3.49/hr
C90212,$3.77/hr
CA1503,$3.36/hr
CA1520,$3.51/hr
CA1918,$2.45/hr
CN1407,$2.71/hr
CN1417,$4.23/hr
CN1435,$2.01/hr
CR1817,$4.34/hr
CW2206,$4.67/hr
CW2208,$2.36/hr
D00503,$4.76/hr
D00504,$2.74/hr
D00505,$3.42/hr
D00506,$3.9/hr
D00507,$4.2/hr
D00510,$4.32/hr
D00512,$4.01/hr
D00514,$2.08/hr
D00517,$2.38/hr
D00519,$3.67/hr
D00521,$3.19/hr
D00523,$2.94/hr
D00525,$3.12/hr
D00527,$4.78/hr
D00529,$3.53/hr
D00531,$4.31/hr
D00533,$2.95/hr
D00535,$2.83/hr
D00703,$3.31/hr
D00705,$3.04/hr
D00707,$3.28/hr
D00709,$2.26/hr
D00711,$2.48/hr
D00713,$3.6/hr
D00715,$2.56/hr
D00823,$3.02/hr
D00825,$2.39/hr
D00827,$3.92/hr
D01433,$4.42/hr
D01503,$2.36/hr
D01505,$2.51/hr
D01506,$3.5/hr
D01508,$4.94/hr
D01513,$3.22/hr
D02010,$2.27/hr
D02020,$2.68/hr
D03709,$4.6/hr
D03714,$3.94/hr
D03725,$3.93/hr
D04311,$2.83/hr
D04318,$3.35/hr
D04325,$3.26/hr
D04336,$4.25/hr
D04347,$3.45/hr
D04348,$2.54/hr
D04413,$3.31/hr
D04414,$3.96/hr
D04430,$4.85/hr
D04433,$4.36/hr
D04442,$2.25/hr
D04449,$2.18/hr
D04512,$2.16/hr
D04523,$2.24/hr
D04528,$2.72/hr
D04540,$4.88/hr
D04543,$2.24/hr
D04549,$3.58/hr
D11428,$3.18/hr
D11502,$3.13/hr
D11504,$4.14/hr
D11505,$3.32/hr
D11506,$2.16/hr
D11508,$4.85/hr
D12038,$3.77/hr
D12039,$2.28/hr
D12041,$4.11/hr
D12101,$2.73/hr
D12102,$2.28/hr
D12103,$4.24/hr
D12104,$3.33/hr
D31426,$4.96/hr
D31428,$3.81/hr
D31430,$2.18/hr
D31432,$3.45/hr
D31434,$2.73/hr
D31436,$4.28/hr
D31501,$2.22/hr
D31503,$2.27/hr
D31505,$2.67/hr
D31507,$4.56/hr
D31511,$3.77/hr
D31513,$3.18/hr
D40510,$2.59/hr
D41424,$4.4/hr
D41426,$3.22/hr
D41428,$3.92/hr
D41430,$4.95/hr
D41501,$4.97/hr
D41503,$2.01/hr
D41511,$2.12/hr
D41513,$2.57/hr
D51437,$4.5/hr
D51439,$3.78/hr
D51441,$3.39/hr
D51502,$3.62/hr
D51504,$2.93/hr
D51506,$4.79/hr
D51508,$4.17/hr
D60441,$4.46/hr
D90503,$4.78/hr
E00129,$2.55/hr
E00131,$2.42/hr
E00206,$2.42/hr
E00207,$2.83/hr
E10201,$4.91/hr
E10204,$2.04/hr
E10206,$2.49/hr
E10208,$4.33/hr
E20205,$3.17/hr
E20208,$3.85/hr
E20210,$4.76/hr
E30130,$4.24/hr
E30132,$4.93/hr
E30134,$3.92/hr
E30201,$2.81/hr
E30203,$3.29/hr
E30204,$3.02/hr
E30205,$3.22/hr
E30206,$2.05/hr
E30207,$4.58/hr
E40210,$2.74/hr
E50134,$3.98/hr
EB5818,$3.68/hr
FR5510,$4.46/hr
FR5526,$3.28/hr
FR5712,$3.99/hr
FR5804,$2.12/hr
FR5807,$2.64/hr
FR5812,$4.82/hr
FR5823,$2.17/hr
FR5899,$3.42/hr
FR5910,$2.6/hr
FR5913,$3.71/hr
FR5922,$2.76/hr
FR6001,$3.67/hr
FR6008,$2.08/hr
FR6011,$3.37/hr
FR6109,$2.6/hr
FR6110,$3.9/hr
FR6117,$3.69/hr
FR6120,$4.76/hr
FR6122,$4.74/hr
FR6205,$4.41/hr
FR6208,$2.82/hr
FR6213,$4.87/hr
FR6297,$4.88/hr
FR6306,$4.81/hr
FR6313,$4.41/hr
FR6314,$2.61/hr
FR6316,$3.81/hr
FR6318,$3.24/hr
FR6320,$2.77/hr
FR6322,$2.12/hr
FR6401,$3.31/hr
FR6403,$2.2/hr
FR6410,$2.04/hr
FR6512,$4.62/hr
FR6515,$2.99/hr
FR6517,$2.06/hr
FR6519,$2.34/hr
FR6605,$3.53/hr
FR6606,$2.61/hr
FR6615,$3.49/hr
FR6616,$4.61/hr
FR6697,$4.58/hr
FR6698,$4.07/hr
G90706,$4.6/hr
GD0314,$2.8/hr
GD0317,$4.19/hr
GD0320,$4.58/hr
GD0405,$2.29/hr
GD0406,$4.75/hr
GL0310,$2.85/hr
GL0315,$4.01/hr
GN0515,$3.5/hr
GN0525,$3.47/hr
GN0535,$4.87/hr
GN0720,$2.93/hr
GN0731,$4.04/hr
GN0810,$3.4/hr
GN0821,$2.87/hr
GN0830,$2.14/hr
GN1030,$3.12/hr
GN1031,$4.17/hr
GN1099,$3.49/hr
HK0307,$2.93/hr
HK0308,$2.19/hr
HT0404,$3.18/hr
J30631,$4.31/hr
J30634,$4/hr
J30636,$2.07/hr
J30638,$2.36/hr
J30702,$3.6/hr
J30707,$2.92/hr
J40633,$4.79/hr
J40635,$4.19/hr
J40636,$4.59/hr
J40637,$2.39/hr
J50635,$2.17/hr
J50637,$4.69/hr
J50706,$2.95/hr
J60635,$4.67/hr
J60636,$3.51/hr
J70634,$4.54/hr
J70635,$4.17/hr
J70636,$2.22/hr
J70638,$2.58/hr
J70701,$4.24/hr
J70702,$2.48/hr
J70703,$3.67/hr
J70704,$2.91/hr
J70705,$4.53/hr
J70796,$2.94/hr
K02102,$2.08/hr
K12009,$2.61/hr
K12012,$4.78/hr
K12027,$2.09/hr
K12036,$3.1/hr
K12124,$4.24/hr
K12125,$3.88/hr
K12206,$4.68/hr
K12222,$3.79/hr
K12229,$2.88/hr
K12308,$4.06/hr
K12317,$3.64/hr
K12402,$4.01/hr
K12407,$4.14/hr
K12410,$3.65/hr
K22013,$3.85/hr
K22029,$3.28/hr
K22047,$2.85/hr
K22103,$2.43/hr
K22139,$4.58/hr
K32107,$4.64/hr
K32135,$4.44/hr
KL0319,$3.27/hr
KL0401,$4.03/hr
KL0407,$2.36/hr
KQ1715,$3.7/hr
KQ1716,$3.41/hr
L00633,$3.96/hr
L00635,$4.56/hr
L00636,$2.94/hr
L00637,$2.01/hr
L00705,$2.22/hr
L00706,$3.09/hr
L10633,$3.77/hr
L10635,$4.57/hr
L10637,$3.56/hr
L10705,$2.1/hr
LB2115,$3.79/hr
LB2118,$4.67/hr
MD4205,$3.99/hr
MD4212,$3.91/hr
MD4224,$2.6/hr
MD4236,$2.28/hr
MD4305,$4.57/hr
MD4308,$2.04/hr
MD4325,$3.46/hr
MD4328,$3.21/hr
MD4407,$3.67/hr
MD4427,$3.73/hr
MD4505,$2.62/hr
MD4517,$2.92/hr
MD4609,$4.72/hr
MD4631,$3.87/hr
MN1823,$3.17/hr
MN1911,$2.26/hr
MN1942,$2.78/hr
MY0418,$2.1/hr
MY0506,$3.17/hr
NA1608,$4.54/hr
NA1620,$2.19/hr
PQ0718,$4.34/hr
PQ0729,$4.12/hr
RA0306,$2.58/hr
RA0320,$4.54/hr
RA0338,$3.95/hr
RA0396,$4.14/hr
RL1418,$3.87/hr
RL1428,$4.9/hr
RL1436,$4.89/hr
RL1440,$4.75/hr
SG1507,$4.07/hr
SG8208,$4.12/hr
SS1302,$3.4/hr
SW0030,$2.63/hr
T61302,$3.96/hr
TH1419,$3.91/hr
TH1420,$2.69/hr
TH1421,$2.68/hr
TH1422,$3.36/hr
TH1423,$3.75/hr
TH1498,$3.69/hr
TH1505,$2.17/hr
TH1508,$3.81/hr
TH1510,$4.51/hr
TH1817,$3.15/hr
TH1818,$3.22/hr
TH1844,$4.63/hr
TL1302,$2.48/hr
TR0311,$2.51/hr
TR0314,$3.13/hr
TR0334,$3.1/hr
TR0337,$4.1/hr
TR0407,$3.21/hr
TR0410,$4.76/hr
TR0496,$3.17/hr
TR0502,$2.56/hr
TR0510,$4.31/hr
TR0542,$2.87/hr
TR0614,$2.4/hr
TR0621,$4.38/hr
TR0651,$3.71/hr
TR0707,$3.41/hr
TR0733,$3.93/hr
TR0734,$4.4/hr
TR0768,$2.22/hr
TR0819,$4.9/hr
WH1803,$3.84/hr
WH1932,$2.51/hr
WY1913,$2.04/hr
WY1915,$3.67/hr
WY1916,$4.22/hr
WY1917,$2.08/hr
WY1918,$4.74/hr
